Order ID,Order Date,Ship Date,Ship Mode,Customer ID,Location ID,Product ID,Sales,Quantity,Discount,Profit
CA-2014-106054,1/6/2014,1/7/2014,First Class,JO-15145,507,321,12.78,3,0,5.2398
CA-2014-130092,1/11/2014,1/14/2014,First Class,SV-20365,22,532,9.94,2,0,3.0814
CA-2014-149524,1/14/2014,1/15/2014,First Class,BS-11590,12,936,61.96,4,0.5,-53.2856
CA-2014-103366,1/15/2014,1/17/2014,First Class,EH-13990,237,248,149.95,5,0,65.978
CA-2014-146591,1/19/2014,1/20/2014,First Class,TS-21340,58,835,32.34,10,0.7,-23.716
CA-2014-146591,1/19/2014,1/20/2014,First Class,TS-21340,58,1324,56.064,4,0.2,19.6224
CA-2014-146591,1/19/2014,1/20/2014,First Class,TS-21340,58,114,108.72,5,0.2,36.693
CA-2014-146591,1/19/2014,1/20/2014,First Class,TS-21340,58,369,181.47,5,0.7,-320.597
CA-2014-167997,1/26/2014,1/29/2014,First Class,CA-11965,601,960,10.68,2,0,5.0196
CA-2014-167997,1/26/2014,1/29/2014,First Class,CA-11965,601,637,141.96,2,0,39.7488
CA-2014-115161,1/31/2014,2/2/2014,First Class,LC-17050,169,1117,290.666,2,0.15,3.4196
CA-2014-140795,2/1/2014,2/3/2014,First Class,BD-11500,157,480,468.9,6,0,206.316
CA-2014-131905,2/6/2014,2/9/2014,First Class,ND-18460,338,552,15,4,0,7.2
CA-2014-131905,2/6/2014,2/9/2014,First Class,ND-18460,338,299,161.61,1,0,42.0186
CA-2014-131905,2/6/2014,2/9/2014,First Class,ND-18460,338,1140,144.95,5,0,42.0355
CA-2014-125759,2/8/2014,2/9/2014,First Class,NM-18445,284,1705,14.56,2,0,5.5328
CA-2014-133354,2/22/2014,2/24/2014,First Class,SA-20830,521,591,19.44,3,0,9.3312
CA-2014-156545,2/27/2014,3/3/2014,First Class,JS-16030,48,492,19.456,4,0.2,3.4048
CA-2014-156587,3/7/2014,3/8/2014,First Class,AB-10015,6,214,48.712,1,0.2,5.4801
CA-2014-156587,3/7/2014,3/8/2014,First Class,AB-10015,6,252,17.94,3,0,4.6644
CA-2014-156587,3/7/2014,3/8/2014,First Class,AB-10015,6,879,242.94,3,0,4.8588
CA-2014-152618,3/14/2014,3/17/2014,First Class,RB-19465,156,1429,574.91,2,0.3,156.047
CA-2014-152618,3/14/2014,3/17/2014,First Class,RB-19465,156,1768,8.448,2,0.2,2.64
CA-2014-103989,3/19/2014,3/21/2014,First Class,MC-17605,153,529,323.976,3,0.2,28.3479
CA-2014-103989,3/19/2014,3/21/2014,First Class,MC-17605,153,1150,11.808,4,0.2,3.9852
CA-2014-103989,3/19/2014,3/21/2014,First Class,MC-17605,153,379,26.16,3,0.2,1.962
CA-2014-103989,3/19/2014,3/21/2014,First Class,MC-17605,153,1422,33.57,5,0.7,-25.737
CA-2014-103989,3/19/2014,3/21/2014,First Class,MC-17605,153,1045,4.992,3,0.2,1.3728
CA-2014-103989,3/19/2014,3/21/2014,First Class,MC-17605,153,1710,20.016,3,0.2,5.5044
CA-2014-103989,3/19/2014,3/21/2014,First Class,MC-17605,153,1805,170.24,2,0.2,53.2
CA-2014-164749,3/23/2014,3/26/2014,First Class,BG-11740,573,623,9.912,3,0.2,3.2214
US-2014-105151,3/30/2014,3/31/2014,First Class,SG-20890,30,1735,10.5,5,0,2.94
CA-2014-162089,3/30/2014,4/1/2014,First Class,MP-17470,231,561,335.72,5,0.2,113.3055
CA-2014-162089,3/30/2014,4/1/2014,First Class,MP-17470,231,824,251.944,7,0.2,88.1804
CA-2014-162089,3/30/2014,4/1/2014,First Class,MP-17470,231,799,127.302,7,0.3,-9.093
US-2014-128685,4/4/2014,4/5/2014,First Class,MZ-17515,142,309,7.184,2,0.2,2.245
CA-2014-113887,4/5/2014,4/7/2014,First Class,TH-21550,46,420,55.48,1,0,26.6304
CA-2014-151001,4/5/2014,4/7/2014,First Class,JG-15805,68,172,49.632,4,0.2,3.7224
CA-2014-151001,4/5/2014,4/7/2014,First Class,JG-15805,68,1596,52.096,4,0.2,3.9072
US-2014-118486,4/6/2014,4/8/2014,First Class,SD-20485,106,510,10.304,1,0.2,-2.1896
US-2014-118486,4/6/2014,4/8/2014,First Class,SD-20485,106,987,154.764,3,0.4,-36.1116
US-2014-118486,4/6/2014,4/8/2014,First Class,SD-20485,106,173,116.784,2,0.2,21.897
CA-2014-124023,4/7/2014,4/10/2014,First Class,PJ-19015,273,1084,8.96,2,0,2.7776
US-2014-112564,4/23/2014,4/24/2014,First Class,TS-21160,64,1004,2.502,3,0.7,-1.7514
CA-2014-131387,4/28/2014,4/30/2014,First Class,AI-10855,35,1481,1679.96,5,0.2,125.997
CA-2014-160094,4/30/2014,5/2/2014,First Class,JM-16195,176,1785,174.95,5,0,45.487
CA-2014-160094,4/30/2014,5/2/2014,First Class,JM-16195,176,551,826,5,0,214.76
CA-2014-130274,5/3/2014,5/5/2014,First Class,JS-15940,292,1048,21.56,7,0,10.3488
CA-2014-111899,5/4/2014,5/5/2014,First Class,NC-18340,67,1585,37.84,2,0.2,2.838
CA-2014-111899,5/4/2014,5/5/2014,First Class,NC-18340,67,1734,5.472,6,0.2,1.8468
US-2014-148194,5/4/2014,5/7/2014,First Class,BS-11365,60,859,12.18,7,0,3.8976
US-2014-148194,5/4/2014,5/7/2014,First Class,BS-11365,60,338,57.68,4,0,19.0344
CA-2014-110219,5/5/2014,5/8/2014,First Class,EB-13870,66,65,127.869,3,0.3,-9.1335
CA-2014-111934,5/5/2014,5/7/2014,First Class,GD-14590,102,1000,11.88,2,0,5.346
CA-2014-111934,5/5/2014,5/7/2014,First Class,GD-14590,102,260,35.44,1,0,16.6568
CA-2014-116666,5/8/2014,5/10/2014,First Class,KT-16480,64,308,1799.97,5,0.4,239.996
CA-2014-127159,5/12/2014,5/15/2014,First Class,HL-15040,202,532,34.79,7,0,10.7849
CA-2014-140165,5/13/2014,5/15/2014,First Class,EH-14005,187,467,7.104,2,0.2,2.3976
CA-2014-140165,5/13/2014,5/15/2014,First Class,EH-14005,187,904,398.352,8,0.7,-331.96
CA-2014-130155,5/19/2014,5/22/2014,First Class,TD-20995,221,1755,34.2,5,0,9.234
CA-2014-129574,5/26/2014,5/29/2014,First Class,Dp-13240,409,366,48.4,5,0,23.232
US-2014-117058,5/27/2014,5/30/2014,First Class,LE-16810,156,948,17.46,6,0.8,-30.555
CA-2014-103429,5/30/2014,6/1/2014,First Class,LW-16825,24,1418,25.584,2,0.2,8.9544
CA-2014-103429,5/30/2014,6/1/2014,First Class,LW-16825,24,926,464,5,0,134.56
CA-2014-103429,5/30/2014,6/1/2014,First Class,LW-16825,24,1163,235.95,3,0,77.8635
CA-2014-103429,5/30/2014,6/1/2014,First Class,LW-16825,24,1001,39.96,4,0,17.982
CA-2014-163867,6/3/2014,6/6/2014,First Class,RE-19450,68,1151,15.936,4,0.2,5.1792
CA-2014-163867,6/3/2014,6/6/2014,First Class,RE-19450,68,509,61.544,7,0.6,-40.0036
CA-2014-163867,6/3/2014,6/6/2014,First Class,RE-19450,68,1136,132.696,3,0.2,9.9522
CA-2014-133270,6/6/2014,6/9/2014,First Class,BM-11785,145,160,13.36,2,0,4.9432
CA-2014-141278,6/21/2014,6/24/2014,First Class,RM-19375,317,19,21.4,5,0,6.206
CA-2014-130624,6/21/2014,6/24/2014,First Class,TB-21280,24,1266,19.65,3,0,9.039
CA-2014-130624,6/21/2014,6/24/2014,First Class,TB-21280,24,522,617.97,3,0,160.6722
CA-2014-130624,6/21/2014,6/24/2014,First Class,TB-21280,24,950,59.7,3,0,26.865
CA-2014-142048,6/22/2014,6/25/2014,First Class,JE-15745,128,377,196.752,6,0.2,56.5662
CA-2014-124646,6/22/2014,6/24/2014,First Class,DV-13465,40,755,501.81,3,0,0
CA-2014-124646,6/22/2014,6/24/2014,First Class,DV-13465,40,401,161.94,3,0,9.7164
US-2014-130358,6/23/2014,6/26/2014,First Class,DL-13330,5,1650,20.016,9,0.2,1.7514
US-2014-130358,6/23/2014,6/26/2014,First Class,DL-13330,5,1589,3.104,1,0.2,0.3492
CA-2014-159338,6/25/2014,6/28/2014,First Class,NS-18640,14,830,447.84,5,0.2,11.196
CA-2014-123064,6/30/2014,7/2/2014,First Class,RA-19915,156,1210,5.248,4,0.2,1.64
CA-2014-120096,7/4/2014,7/7/2014,First Class,KE-16420,43,1507,177.536,4,0.2,62.1376
CA-2014-120096,7/4/2014,7/7/2014,First Class,KE-16420,43,1278,32.432,2,0.2,3.2432
CA-2014-157784,7/5/2014,7/8/2014,First Class,MC-17845,130,333,479.97,3,0,163.1898
CA-2014-157784,7/5/2014,7/8/2014,First Class,MC-17845,130,579,14.62,2,0,6.8714
CA-2014-157784,7/5/2014,7/8/2014,First Class,MC-17845,130,89,19.44,3,0,9.3312
CA-2014-103317,7/5/2014,7/8/2014,First Class,DM-13525,184,1133,19.52,2,0.2,5.368
CA-2014-103317,7/5/2014,7/8/2014,First Class,DM-13525,184,1526,9.81,5,0.7,-6.867
CA-2014-103317,7/5/2014,7/8/2014,First Class,DM-13525,184,1771,213.216,3,0.2,15.9912
CA-2014-134278,7/6/2014,7/8/2014,First Class,EP-13915,165,898,559.992,1,0.2,174.9975
CA-2014-150301,7/8/2014,7/10/2014,First Class,MH-18025,251,479,63.882,1,0.1,10.647
CA-2014-123225,7/11/2014,7/14/2014,First Class,MN-17935,295,1160,575.968,4,0.2,43.1976
CA-2014-123225,7/11/2014,7/14/2014,First Class,MN-17935,295,1576,10.368,2,0.2,3.6288
CA-2014-166555,7/11/2014,7/14/2014,First Class,JK-15205,278,1536,164.85,3,0,47.8065
CA-2014-141726,7/20/2014,7/22/2014,First Class,CC-12145,189,986,104.85,1,0,50.328
CA-2014-141726,7/20/2014,7/22/2014,First Class,CC-12145,189,306,8.704,2,0.2,3.1552
CA-2014-141726,7/20/2014,7/22/2014,First Class,CC-12145,189,391,19.92,4,0,9.7608
CA-2014-141726,7/20/2014,7/22/2014,First Class,CC-12145,189,619,43.02,3,0,15.4872
CA-2014-157546,7/20/2014,7/22/2014,First Class,RD-19720,35,443,89.712,6,0.2,30.2778
CA-2014-157546,7/20/2014,7/22/2014,First Class,RD-19720,35,231,22.83,3,0,10.7301
CA-2014-127866,7/20/2014,7/23/2014,First Class,JD-15895,216,925,41.94,2,0,15.0984
CA-2014-127866,7/20/2014,7/23/2014,First Class,JD-15895,216,1310,11.96,2,0,5.8604
CA-2014-127866,7/20/2014,7/23/2014,First Class,JD-15895,216,1637,13.12,4,0,3.8048
CA-2014-127866,7/20/2014,7/23/2014,First Class,JD-15895,216,523,535.41,3,0,160.623
CA-2014-103058,7/23/2014,7/24/2014,First Class,AG-10270,165,968,99.98,2,0,7.9984
CA-2014-152296,8/1/2014,8/3/2014,First Class,IL-15100,35,1275,19.752,3,0.2,6.9132
CA-2014-133690,8/3/2014,8/5/2014,First Class,BS-11755,77,190,218.75,2,0.5,-161.875
CA-2014-133690,8/3/2014,8/5/2014,First Class,BS-11755,77,191,2.6,1,0.2,0.2925
CA-2014-153927,8/12/2014,8/13/2014,First Class,LL-16840,632,611,14.04,3,0,6.7392
CA-2014-153927,8/12/2014,8/13/2014,First Class,LL-16840,632,925,272.61,13,0,98.1396
CA-2014-138023,8/15/2014,8/18/2014,First Class,KH-16510,177,618,30.96,8,0.8,-52.632
CA-2014-141005,8/15/2014,8/18/2014,First Class,CS-12355,70,547,62.94,3,0,30.2112
CA-2014-109043,8/15/2014,8/17/2014,First Class,CS-12355,476,1874,91.36,5,0.2,29.692
CA-2014-109043,8/15/2014,8/17/2014,First Class,CS-12355,476,518,152.24,5,0.2,17.127
US-2014-166828,8/22/2014,8/25/2014,First Class,JF-15415,586,1861,11.56,2,0,5.6644
CA-2014-107916,8/24/2014,8/26/2014,First Class,JP-15460,188,1516,13.28,2,0,6.3744
CA-2014-107916,8/24/2014,8/26/2014,First Class,JP-15460,188,1096,12.672,3,0.2,4.4352
CA-2014-124688,8/27/2014,8/29/2014,First Class,CC-12610,29,1144,579.95,5,0,168.1855
CA-2014-124688,8/27/2014,8/29/2014,First Class,CC-12610,29,1037,29.12,4,0,12.5216
CA-2014-124688,8/27/2014,8/29/2014,First Class,CC-12610,29,1399,1202.94,3,0,300.735
CA-2014-165428,9/1/2014,9/4/2014,First Class,JL-15130,67,530,3.648,3,0.8,-6.0192
CA-2014-165428,9/1/2014,9/4/2014,First Class,JL-15130,67,262,31.104,6,0.2,10.8864
CA-2014-157721,9/2/2014,9/5/2014,First Class,JM-16195,291,950,19.9,1,0,8.955
CA-2014-157721,9/2/2014,9/5/2014,First Class,JM-16195,291,1474,70.71,1,0,4.9497
CA-2014-127936,9/2/2014,9/4/2014,First Class,CL-12565,30,1686,21.24,3,0,8.0712
US-2014-138828,9/2/2014,9/3/2014,First Class,KD-16345,30,334,57.75,5,0,16.17
US-2014-138828,9/2/2014,9/3/2014,First Class,KD-16345,30,818,14.94,3,0,7.0218
US-2014-120236,9/3/2014,9/4/2014,First Class,MR-17545,15,1767,7.68,5,0.8,-11.52
CA-2014-136861,9/5/2014,9/7/2014,First Class,PR-18880,105,298,31.984,2,0.2,1.999
CA-2014-130449,9/6/2014,9/9/2014,First Class,VP-21760,10,6,41.88,6,0,12.1452
CA-2014-130449,9/6/2014,9/9/2014,First Class,VP-21760,10,579,58.48,8,0,27.4856
CA-2014-105165,9/7/2014,9/10/2014,First Class,SZ-20035,67,1378,196.776,3,0.2,14.7582
CA-2014-105165,9/7/2014,9/10/2014,First Class,SZ-20035,67,349,2.92,2,0.8,-4.818
CA-2014-105165,9/7/2014,9/10/2014,First Class,SZ-20035,67,744,200.795,1,0.3,-22.948
CA-2014-105165,9/7/2014,9/10/2014,First Class,SZ-20035,67,1218,46.688,4,0.2,-2.918
CA-2014-105165,9/7/2014,9/10/2014,First Class,SZ-20035,67,1610,21.864,3,0.2,3.5529
CA-2014-163293,9/8/2014,9/11/2014,First Class,KC-16255,258,924,32.97,3,0,12.8583
CA-2014-163293,9/8/2014,9/11/2014,First Class,KC-16255,258,925,83.88,4,0,30.1968
US-2014-131870,9/9/2014,9/11/2014,First Class,NF-18595,404,1322,60.672,6,0.2,12.8928
US-2014-131870,9/9/2014,9/11/2014,First Class,NF-18595,404,1015,30.816,9,0.2,2.6964
CA-2014-113383,9/10/2014,9/13/2014,First Class,SF-20065,598,570,81.92,4,0,22.1184
CA-2014-113383,9/10/2014,9/13/2014,First Class,SF-20065,598,1165,254.9,5,0,76.47
CA-2014-101476,9/12/2014,9/13/2014,First Class,SD-20485,132,383,69.99,1,0,30.0957
CA-2014-132962,9/13/2014,9/16/2014,First Class,JM-15535,106,730,15.552,3,0.2,5.4432
CA-2014-132962,9/13/2014,9/16/2014,First Class,JM-15535,106,731,252,5,0.2,53.55
CA-2014-141152,9/16/2014,9/19/2014,First Class,RF-19345,24,741,33.552,1,0.2,12.582
CA-2014-120411,9/20/2014,9/23/2014,First Class,SB-20185,156,1629,493.43,5,0.3,-70.49
CA-2014-120411,9/20/2014,9/23/2014,First Class,SB-20185,156,1102,11.12,2,0.2,3.475
CA-2014-125997,9/20/2014,9/23/2014,First Class,MW-18220,165,1574,629.95,5,0,157.4875
CA-2014-125997,9/20/2014,9/23/2014,First Class,MW-18220,165,660,631.782,2,0.1,140.396
CA-2014-125997,9/20/2014,9/23/2014,First Class,MW-18220,165,1260,801.568,2,0.2,-10.0196
CA-2014-125997,9/20/2014,9/23/2014,First Class,MW-18220,165,50,75.18,6,0,35.3346
CA-2014-125997,9/20/2014,9/23/2014,First Class,MW-18220,165,1284,30.98,1,0,8.0548
CA-2014-125997,9/20/2014,9/23/2014,First Class,MW-18220,165,1350,1349.91,9,0,661.4559
CA-2014-125514,9/21/2014,9/22/2014,First Class,BM-11650,199,96,25.96,2,0,7.5284
CA-2014-125514,9/21/2014,9/22/2014,First Class,BM-11650,199,1215,36.27,3,0,10.881
CA-2014-125514,9/21/2014,9/22/2014,First Class,BM-11650,199,822,6.48,1,0,3.1104
CA-2014-168823,9/21/2014,9/24/2014,First Class,MA-17560,106,206,11.352,3,0.2,4.1151
CA-2014-168823,9/21/2014,9/24/2014,First Class,MA-17560,106,873,20.808,9,0.2,7.0227
US-2014-166310,9/21/2014,9/23/2014,First Class,JS-15940,211,1465,8.544,2,0.6,-7.476
CA-2014-117478,9/21/2014,9/24/2014,First Class,LH-16750,12,349,6.57,3,0.7,-5.037
CA-2014-163650,9/23/2014,9/25/2014,First Class,TT-21220,22,843,9.84,3,0,2.8536
CA-2014-163650,9/23/2014,9/25/2014,First Class,TT-21220,22,1033,34.5,3,0,15.525
CA-2014-132451,9/26/2014,9/27/2014,First Class,KF-16285,189,2,585.552,3,0.2,73.194
CA-2014-132451,9/26/2014,9/27/2014,First Class,KF-16285,189,984,19.44,3,0,9.3312
CA-2014-108189,10/2/2014,10/5/2014,First Class,ES-14080,287,1027,9.408,2,0.2,3.4104
CA-2014-108189,10/2/2014,10/5/2014,First Class,ES-14080,287,855,4.672,2,0.2,1.46
CA-2014-108189,10/2/2014,10/5/2014,First Class,ES-14080,287,258,318.4,2,0.2,107.46
CA-2014-108189,10/2/2014,10/5/2014,First Class,ES-14080,287,1532,12.768,6,0.2,4.6284
CA-2014-108189,10/2/2014,10/5/2014,First Class,ES-14080,287,1533,15.36,2,0.2,-3.264
CA-2014-108189,10/2/2014,10/5/2014,First Class,ES-14080,287,670,230.376,3,0.2,20.1579
CA-2014-108189,10/2/2014,10/5/2014,First Class,ES-14080,287,1054,7.16,1,0.2,-0.0895
CA-2014-166891,10/4/2014,10/6/2014,First Class,CC-12220,24,1612,589.41,5,0.1,-6.549
CA-2014-152233,10/5/2014,10/6/2014,First Class,KH-16510,283,1244,99.98,2,0,34.993
CA-2014-109680,10/6/2014,10/9/2014,First Class,VP-21760,305,1690,386.34,2,0,54.0876
CA-2014-157924,10/11/2014,10/13/2014,First Class,HA-14920,55,869,31.92,4,0,8.2992
CA-2014-157924,10/11/2014,10/13/2014,First Class,HA-14920,55,1659,433.568,2,0.2,-65.0352
CA-2014-151995,10/13/2014,10/15/2014,First Class,ZC-21910,200,655,11.52,4,0,3.2256
CA-2014-151995,10/13/2014,10/15/2014,First Class,ZC-21910,200,259,1298.55,5,0,311.652
CA-2014-151995,10/13/2014,10/15/2014,First Class,ZC-21910,200,656,213.92,4,0,62.0368
CA-2014-151995,10/13/2014,10/15/2014,First Class,ZC-21910,200,558,25.78,2,0,2.578
CA-2014-132010,10/13/2014,10/15/2014,First Class,MA-17995,196,1057,36.4,5,0,17.472
CA-2014-132010,10/13/2014,10/15/2014,First Class,MA-17995,196,1718,22.96,2,0,4.3624
CA-2014-132010,10/13/2014,10/15/2014,First Class,MA-17995,196,1852,315.2,4,0,6.304
CA-2014-132010,10/13/2014,10/15/2014,First Class,MA-17995,196,889,15.18,3,0,7.1346
CA-2014-151330,10/14/2014,10/17/2014,First Class,TC-21295,290,1023,177,3,0,30.09
CA-2014-151330,10/14/2014,10/17/2014,First Class,TC-21295,290,76,79.45,7,0,22.246
CA-2014-151330,10/14/2014,10/17/2014,First Class,TC-21295,290,1716,1628.82,9,0,260.6112
US-2014-122021,10/15/2014,10/17/2014,First Class,AC-10660,272,1420,183.372,2,0.3,-7.8588
US-2014-122021,10/15/2014,10/17/2014,First Class,AC-10660,272,391,7.968,2,0.2,2.8884
CA-2014-169684,10/20/2014,10/23/2014,First Class,FH-14365,366,971,328.59,3,0.4,-147.8655
CA-2014-169684,10/20/2014,10/23/2014,First Class,FH-14365,366,358,98.352,3,0.2,-24.588
CA-2014-142587,10/21/2014,10/22/2014,First Class,TB-21520,324,518,121.792,4,0.2,13.7016
CA-2014-142587,10/21/2014,10/22/2014,First Class,TB-21520,324,344,409.59,3,0.4,-122.877
US-2014-158400,10/25/2014,10/28/2014,First Class,AH-10030,10,1098,49.408,4,0.2,18.528
CA-2014-101931,10/28/2014,10/31/2014,First Class,TS-21370,14,309,7.184,2,0.2,2.245
CA-2014-101931,10/28/2014,10/31/2014,First Class,TS-21370,14,1618,6.28,2,0,0.0628
CA-2014-101931,10/28/2014,10/31/2014,First Class,TS-21370,14,264,480.74,2,0,14.4222
CA-2014-101931,10/28/2014,10/31/2014,First Class,TS-21370,14,433,616.998,6,0.15,-36.294
CA-2014-101931,10/28/2014,10/31/2014,First Class,TS-21370,14,87,141.4,5,0,38.178
CA-2014-154627,10/29/2014,10/31/2014,First Class,SA-20830,27,435,2735.952,6,0.2,341.994
CA-2014-114195,11/1/2014,11/3/2014,First Class,EA-14035,631,598,68.704,2,0.2,16.3172
CA-2014-114195,11/1/2014,11/3/2014,First Class,EA-14035,631,1608,3.132,2,0.7,-2.61
CA-2014-114195,11/1/2014,11/3/2014,First Class,EA-14035,631,447,22.428,3,0.7,-17.9424
CA-2014-123498,11/7/2014,11/9/2014,First Class,TC-20980,17,1326,26.046,3,0.8,-44.2782
CA-2014-123498,11/7/2014,11/9/2014,First Class,TC-20980,17,1525,74.352,3,0.2,26.9526
CA-2014-146990,11/7/2014,11/8/2014,First Class,BP-11095,24,1095,5.92,4,0,2.8416
CA-2014-146990,11/7/2014,11/8/2014,First Class,BP-11095,24,1631,30.18,3,0,13.8828
CA-2014-128524,11/11/2014,11/13/2014,First Class,MZ-17515,61,10,22.98,1,0,6.894
CA-2014-128524,11/11/2014,11/13/2014,First Class,MZ-17515,61,1218,102.13,7,0,15.3195
CA-2014-128524,11/11/2014,11/13/2014,First Class,MZ-17515,61,454,2033.584,2,0.2,762.594
CA-2014-151554,11/14/2014,11/15/2014,First Class,CM-11815,90,1538,20.736,4,0.2,7.2576
CA-2014-127558,11/15/2014,11/18/2014,First Class,SS-20410,142,226,10.11,3,0,3.2352
CA-2014-127558,11/15/2014,11/18/2014,First Class,SS-20410,142,219,772.47,3,0,146.7693
CA-2014-127558,11/15/2014,11/18/2014,First Class,SS-20410,142,688,20.46,2,0,5.3196
CA-2014-119144,11/16/2014,11/18/2014,First Class,JD-16150,142,778,79.968,4,0.2,-17.9928
CA-2014-119144,11/16/2014,11/18/2014,First Class,JD-16150,142,580,305.9745,3,0.15,25.1979
CA-2014-119144,11/16/2014,11/18/2014,First Class,JD-16150,142,158,344.91,3,0,10.3473
CA-2014-140662,11/17/2014,11/19/2014,First Class,TS-21205,10,968,99.98,2,0,7.9984
CA-2014-140662,11/17/2014,11/19/2014,First Class,TS-21205,10,662,733.95,7,0,352.296
CA-2014-140662,11/17/2014,11/19/2014,First Class,TS-21205,10,1449,241.44,3,0,72.432
CA-2014-163468,11/18/2014,11/21/2014,First Class,JK-15730,562,279,292.1,4,0.5,-175.26
CA-2014-163468,11/18/2014,11/21/2014,First Class,JK-15730,562,1465,8.544,2,0.6,-7.476
CA-2014-163468,11/18/2014,11/21/2014,First Class,JK-15730,562,1687,424.116,6,0.3,-30.294
CA-2014-163468,11/18/2014,11/21/2014,First Class,JK-15730,562,549,2.892,3,0.8,-4.9164
CA-2014-163468,11/18/2014,11/21/2014,First Class,JK-15730,562,627,381.72,5,0.2,-66.801
US-2014-149034,11/19/2014,11/21/2014,First Class,RD-19900,75,1100,47.496,1,0.2,-1.1874
CA-2014-105340,11/22/2014,11/25/2014,First Class,EH-14185,90,1012,6.928,1,0.8,-11.0848
CA-2014-125682,11/22/2014,11/25/2014,First Class,RB-19645,149,1401,9.96,2,0,4.8804
US-2014-157385,11/23/2014,11/25/2014,First Class,SC-20095,26,84,603.92,5,0.2,-67.941
US-2014-157385,11/23/2014,11/25/2014,First Class,SC-20095,26,1057,21.84,3,0,10.4832
US-2014-157385,11/23/2014,11/25/2014,First Class,SC-20095,26,1058,29.99,1,0,6.2979
US-2014-157385,11/23/2014,11/25/2014,First Class,SC-20095,26,472,381.44,2,0.2,23.84
CA-2014-115973,11/24/2014,11/26/2014,First Class,NG-18430,94,348,2.624,1,0.2,0.4264
CA-2014-158540,11/24/2014,11/26/2014,First Class,VG-21790,89,774,151.72,4,0,27.3096
CA-2014-159800,11/28/2014,12/1/2014,First Class,SG-20470,10,946,43.68,3,0,11.7936
CA-2014-159800,11/28/2014,12/1/2014,First Class,SG-20470,10,815,139.93,7,0,34.9825
CA-2014-120474,12/1/2014,12/3/2014,First Class,RP-19390,8,1142,2807.84,8,0,673.8816
CA-2014-120474,12/1/2014,12/3/2014,First Class,RP-19390,8,1143,46.64,4,0,12.5928
CA-2014-143210,12/1/2014,12/3/2014,First Class,AA-10645,112,1651,271.9,2,0,78.851
CA-2014-143210,12/1/2014,12/3/2014,First Class,AA-10645,112,683,45.84,3,0,15.5856
CA-2014-143210,12/1/2014,12/3/2014,First Class,AA-10645,112,883,9.82,2,0,3.2406
CA-2014-112158,12/2/2014,12/4/2014,First Class,DP-13165,46,248,119.96,4,0,52.7824
CA-2014-112158,12/2/2014,12/4/2014,First Class,DP-13165,46,593,883.92,5,0.2,-110.49
CA-2014-112158,12/2/2014,12/4/2014,First Class,DP-13165,46,349,46.72,8,0.2,15.768
CA-2014-101147,12/2/2014,12/4/2014,First Class,MC-17575,37,362,2.394,1,0.8,-6.3441
CA-2014-125542,12/5/2014,12/7/2014,First Class,NB-18655,64,639,348.488,7,0.2,117.6147
CA-2014-125542,12/5/2014,12/7/2014,First Class,NB-18655,64,401,172.736,4,0.2,-30.2288
CA-2014-150203,12/5/2014,12/7/2014,First Class,JB-15925,4,592,250.26,6,0,72.5754
CA-2014-106726,12/6/2014,12/8/2014,First Class,RS-19765,142,740,1261.33,7,0,327.9458
CA-2014-138737,12/7/2014,12/10/2014,First Class,FP-14320,14,655,8.64,3,0,2.4192
CA-2014-154592,12/7/2014,12/8/2014,First Class,EH-14005,10,1416,164.88,3,0,80.7912
CA-2014-109932,12/9/2014,12/11/2014,First Class,VP-21760,231,130,10.688,2,0.2,3.7408
CA-2014-109932,12/9/2014,12/11/2014,First Class,VP-21760,231,601,237.096,3,0.2,20.7459
CA-2014-130575,12/14/2014,12/16/2014,First Class,CS-11845,37,1098,9.264,3,0.8,-13.896
CA-2014-101602,12/15/2014,12/18/2014,First Class,MC-18100,295,1059,40.68,3,0.2,-9.153
CA-2014-101602,12/15/2014,12/18/2014,First Class,MC-18100,295,641,763.28,5,0.3,-21.808
CA-2014-136399,12/16/2014,12/17/2014,First Class,CC-12100,14,648,44.46,2,0,14.6718
CA-2014-136399,12/16/2014,12/17/2014,First Class,CC-12100,14,293,241.568,2,0.2,18.1176
CA-2014-136399,12/16/2014,12/17/2014,First Class,CC-12100,14,557,395,5,0,39.5
CA-2014-136399,12/16/2014,12/17/2014,First Class,CC-12100,14,35,627.168,4,0.2,70.5564
CA-2014-162992,12/19/2014,12/21/2014,First Class,BP-11095,142,579,14.62,2,0,6.8714
CA-2014-162992,12/19/2014,12/21/2014,First Class,BP-11095,142,490,22.55,5,0,8.7945
CA-2014-162992,12/19/2014,12/21/2014,First Class,BP-11095,142,1299,583.8,5,0.2,72.975
CA-2014-162992,12/19/2014,12/21/2014,First Class,BP-11095,142,671,211.168,4,0.2,15.8376
CA-2014-136567,12/20/2014,12/21/2014,First Class,PS-19045,246,861,122.48,2,0,0
CA-2014-136567,12/20/2014,12/21/2014,First Class,PS-19045,246,862,2244.48,7,0,493.7856
CA-2014-136567,12/20/2014,12/21/2014,First Class,PS-19045,246,352,62.31,3,0,29.2857
CA-2014-136567,12/20/2014,12/21/2014,First Class,PS-19045,246,344,455.1,2,0,100.122
CA-2014-103100,12/20/2014,12/23/2014,First Class,AB-10105,305,1675,3.69,1,0,1.7343
CA-2014-103100,12/20/2014,12/23/2014,First Class,AB-10105,305,1520,1103.97,3,0,496.7865
CA-2014-138681,12/20/2014,12/22/2014,First Class,CT-11995,116,1435,51.968,2,0.2,10.3936
CA-2014-138681,12/20/2014,12/22/2014,First Class,CT-11995,116,248,71.976,3,0.2,21.5928
CA-2014-138681,12/20/2014,12/22/2014,First Class,CT-11995,116,213,242.352,3,0.2,-42.4116
CA-2014-138681,12/20/2014,12/22/2014,First Class,CT-11995,116,1256,221.92,5,0.2,77.672
CA-2014-138681,12/20/2014,12/22/2014,First Class,CT-11995,116,1456,8.448,2,0.2,2.64
CA-2014-113166,12/24/2014,12/26/2014,First Class,LF-17185,124,360,9.568,2,0.2,3.4684
CA-2014-156314,12/24/2014,12/26/2014,First Class,RP-19390,178,565,30.36,5,0.2,8.7285
CA-2014-132913,12/24/2014,12/26/2014,First Class,AS-10090,89,1836,13.97,1,0,3.6322
CA-2014-111451,12/26/2014,12/28/2014,First Class,KL-16555,98,269,300.416,8,0.2,78.8592
CA-2014-111451,12/26/2014,12/28/2014,First Class,KL-16555,98,270,230.352,3,0.2,20.1558
CA-2014-111451,12/26/2014,12/28/2014,First Class,KL-16555,98,271,218.352,3,0.2,-24.5646
CA-2014-111451,12/26/2014,12/28/2014,First Class,KL-16555,98,272,78.6,5,0.7,-62.88
CA-2014-111451,12/26/2014,12/28/2014,First Class,KL-16555,98,273,27.552,3,0.2,9.2988
CA-2014-165393,12/27/2014,12/30/2014,First Class,NC-18415,7,447,4.984,1,0.8,-8.4728
CA-2014-164259,12/28/2014,12/30/2014,First Class,SP-20860,106,292,99.136,4,0.2,8.6744
CA-2014-166730,12/30/2014,1/1/2015,First Class,DD-13570,32,1177,39.128,1,0.2,-8.8038
US-2014-143231,12/31/2014,1/3/2015,First Class,GM-14455,118,1322,63.2,5,0,23.384
US-2014-143231,12/31/2014,1/3/2015,First Class,GM-14455,118,1316,113.97,3,0,27.3528
CA-2014-157644,12/31/2014,1/1/2015,First Class,AH-10030,46,573,34.77,3,0,11.4741
CA-2014-157644,12/31/2014,1/1/2015,First Class,AH-10030,46,167,18.9,3,0,8.694
CA-2015-164777,1/27/2015,1/29/2015,First Class,SC-20305,2,488,2803.92,5,0.2,0
CA-2015-140921,2/3/2015,2/5/2015,First Class,AA-10375,199,381,28.4,2,0,11.076
CA-2015-140921,2/3/2015,2/5/2015,First Class,AA-10375,199,654,149.97,3,0,50.9898
CA-2015-157959,2/3/2015,2/4/2015,First Class,RW-19540,142,1193,136.92,4,0,41.076
CA-2015-104038,2/6/2015,2/8/2015,First Class,LO-17170,304,1177,146.73,3,0,2.9346
CA-2015-104038,2/6/2015,2/8/2015,First Class,LO-17170,304,152,29.9,5,0,13.455
US-2015-130491,2/8/2015,2/11/2015,First Class,BH-11710,592,1466,9.54,2,0,4.293
US-2015-130491,2/8/2015,2/11/2015,First Class,BH-11710,592,197,5.81,1,0,1.8011
US-2015-130491,2/8/2015,2/11/2015,First Class,BH-11710,592,132,5.76,2,0,1.728
CA-2015-111325,2/27/2015,2/28/2015,First Class,BT-11395,461,187,4.419,3,0.7,-3.3879
CA-2015-111325,2/27/2015,2/28/2015,First Class,BT-11395,461,1227,16.032,6,0.2,2.2044
CA-2015-133585,3/1/2015,3/4/2015,First Class,CM-12715,33,1273,55.328,2,0.2,6.2244
CA-2015-133585,3/1/2015,3/4/2015,First Class,CM-12715,33,796,1227.9984,6,0.32,-36.1176
CA-2015-104052,3/1/2015,3/2/2015,First Class,TP-21565,282,1648,95.84,4,0.2,34.742
CA-2015-146255,3/7/2015,3/10/2015,First Class,EM-14140,286,242,119.85,3,0,52.734
CA-2015-146255,3/7/2015,3/10/2015,First Class,EM-14140,286,340,30.44,2,0,14.9156
CA-2015-146255,3/7/2015,3/10/2015,First Class,EM-14140,286,1012,69.28,2,0,33.2544
CA-2015-146255,3/7/2015,3/10/2015,First Class,EM-14140,286,1630,587.97,3,0,170.5113
CA-2015-107741,3/8/2015,3/10/2015,First Class,FC-14335,261,321,3.408,1,0.2,0.8946
CA-2015-123155,3/9/2015,3/12/2015,First Class,NS-18640,66,727,113.52,5,0.2,29.799
CA-2015-123155,3/9/2015,3/12/2015,First Class,NS-18640,66,1198,359.88,3,0.2,22.4925
CA-2015-114237,3/13/2015,3/15/2015,First Class,MC-17275,6,637,141.96,2,0,39.7488
CA-2015-111829,3/19/2015,3/20/2015,First Class,FH-14365,61,406,1247.64,3,0,349.3392
CA-2015-111829,3/19/2015,3/20/2015,First Class,FH-14365,61,1088,3149.93,7,0,1480.4671
CA-2015-111829,3/19/2015,3/20/2015,First Class,FH-14365,61,1089,209.7,2,0,100.656
CA-2015-149993,3/19/2015,3/20/2015,First Class,GA-14725,195,852,10.9,5,0,3.597
CA-2015-168088,3/19/2015,3/22/2015,First Class,CM-12655,17,1138,65.584,2,0.2,23.7742
CA-2015-168088,3/19/2015,3/22/2015,First Class,CM-12655,17,1629,383.4656,4,0.32,-67.6704
CA-2015-106565,3/20/2015,3/23/2015,First Class,BW-11110,202,182,51.84,8,0,24.8832
CA-2015-159534,3/20/2015,3/23/2015,First Class,DH-13075,46,352,49.848,3,0.2,16.8237
CA-2015-159534,3/20/2015,3/23/2015,First Class,DH-13075,46,246,23.99,1,0,11.995
CA-2015-159534,3/20/2015,3/23/2015,First Class,DH-13075,46,14,1087.936,8,0.2,353.5792
CA-2015-159534,3/20/2015,3/23/2015,First Class,DH-13075,46,975,199.98,2,0,53.9946
CA-2015-159534,3/20/2015,3/23/2015,First Class,DH-13075,46,1233,83.92,4,0,20.1408
CA-2015-163440,3/22/2015,3/24/2015,First Class,RD-19900,381,436,15.984,2,0.2,1.1988
CA-2015-130218,3/23/2015,3/26/2015,First Class,SG-20470,330,555,31.56,4,0,14.202
CA-2015-130218,3/23/2015,3/26/2015,First Class,SG-20470,330,706,27.92,4,0,0.5584
US-2015-107944,3/23/2015,3/25/2015,First Class,AM-10360,142,1324,192.72,11,0,92.5056
US-2015-107944,3/23/2015,3/25/2015,First Class,AM-10360,142,1116,239.97,3,0,86.3892
CA-2015-118423,3/24/2015,3/27/2015,First Class,DP-13390,121,1067,359.058,3,0.3,-35.9058
CA-2015-119942,4/5/2015,4/7/2015,First Class,TT-21070,75,645,23.904,6,0.2,7.7688
CA-2015-130554,4/7/2015,4/9/2015,First Class,FM-14290,12,569,11.736,3,0.2,1.0269
CA-2015-166492,4/7/2015,4/10/2015,First Class,RP-19390,46,1019,25.92,4,0,12.4416
CA-2015-166492,4/7/2015,4/10/2015,First Class,RP-19390,46,1021,22.58,2,0,5.8708
CA-2015-100216,4/13/2015,4/14/2015,First Class,HJ-14875,155,745,31.104,6,0.2,10.8864
CA-2015-100216,4/13/2015,4/14/2015,First Class,HJ-14875,155,934,54.816,3,0.2,17.8152
CA-2015-137974,4/16/2015,4/18/2015,First Class,LL-16840,181,12,569.64,2,0,148.1064
CA-2015-137974,4/16/2015,4/18/2015,First Class,LL-16840,181,630,9.14,1,0,4.57
CA-2015-137974,4/16/2015,4/18/2015,First Class,LL-16840,181,1318,1196.86,7,0,119.686
CA-2015-137974,4/16/2015,4/18/2015,First Class,LL-16840,181,678,523.26,9,0,125.5824
CA-2015-102722,4/18/2015,4/19/2015,First Class,KW-16570,69,945,106.5,6,0,41.535
US-2015-113593,4/18/2015,4/20/2015,First Class,NC-18415,561,1444,115.44,3,0,30.0144
CA-2015-112557,4/25/2015,4/28/2015,First Class,JL-15850,46,15,206.43,3,0,90.8292
CA-2015-120782,4/28/2015,5/1/2015,First Class,SD-20485,375,1491,186.732,1,0.1,41.496
CA-2015-120782,4/28/2015,5/1/2015,First Class,SD-20485,375,454,3812.97,3,0,1906.485
CA-2015-150770,5/3/2015,5/6/2015,First Class,LC-16870,10,458,8.82,3,0,2.5578
CA-2015-150770,5/3/2015,5/6/2015,First Class,LC-16870,10,1801,62.496,2,0.2,21.8736
CA-2015-150770,5/3/2015,5/6/2015,First Class,LC-16870,10,107,339.96,4,0,122.3856
CA-2015-150770,5/3/2015,5/6/2015,First Class,LC-16870,10,588,49.568,2,0.2,17.3488
CA-2015-160864,5/3/2015,5/6/2015,First Class,NF-18595,59,69,13.848,3,0.2,5.193
CA-2015-129700,5/4/2015,5/5/2015,First Class,LA-16780,445,746,22.288,7,0.6,-8.9152
CA-2015-142055,5/8/2015,5/10/2015,First Class,AB-10255,30,426,37.94,2,0,18.2112
CA-2015-119291,5/14/2015,5/17/2015,First Class,JO-15550,182,292,198.272,8,0.2,17.3488
CA-2015-119291,5/14/2015,5/17/2015,First Class,JO-15550,182,585,47.36,4,0.2,17.76
CA-2015-119291,5/14/2015,5/17/2015,First Class,JO-15550,182,82,200.984,7,0.2,62.8075
CA-2015-119291,5/14/2015,5/17/2015,First Class,JO-15550,182,586,97.696,4,0.2,31.7512
CA-2015-119291,5/14/2015,5/17/2015,First Class,JO-15550,182,587,2.696,1,0.2,0.8088
CA-2015-119291,5/14/2015,5/17/2015,First Class,JO-15550,182,588,18.588,2,0.7,-13.6312
CA-2015-119291,5/14/2015,5/17/2015,First Class,JO-15550,182,306,4.896,3,0.7,-3.4272
CA-2015-132941,5/25/2015,5/28/2015,First Class,MM-18280,399,1369,22.368,2,0.2,1.6776
CA-2015-132941,5/25/2015,5/28/2015,First Class,MM-18280,399,1226,32.368,7,0.2,11.7334
CA-2015-132941,5/25/2015,5/28/2015,First Class,MM-18280,399,1315,207.984,2,0.2,36.3972
CA-2015-111339,5/29/2015,5/31/2015,First Class,VP-21760,48,1856,41.568,4,0.2,-4.1568
CA-2015-111339,5/29/2015,5/31/2015,First Class,VP-21760,48,84,317.058,3,0.3,-86.0586
CA-2015-111339,5/29/2015,5/31/2015,First Class,VP-21760,48,133,8.04,5,0.2,2.9145
CA-2015-104297,5/29/2015,5/31/2015,First Class,CC-12100,178,260,85.056,3,0.2,28.7064
CA-2015-103177,5/30/2015,6/1/2015,First Class,EN-13780,30,1777,239.97,3,0,2.3997
CA-2015-103177,5/30/2015,6/1/2015,First Class,EN-13780,30,1332,160.32,2,0,44.8896
CA-2015-103177,5/30/2015,6/1/2015,First Class,EN-13780,30,1314,128.85,3,0,3.8655
CA-2015-124919,5/31/2015,6/2/2015,First Class,SP-20650,59,146,58.38,7,0,26.271
CA-2015-124919,5/31/2015,6/2/2015,First Class,SP-20650,59,147,105.52,4,0,48.5392
CA-2015-124919,5/31/2015,6/2/2015,First Class,SP-20650,59,148,80.88,6,0,21.0288
CA-2015-121720,6/11/2015,6/12/2015,First Class,JE-15610,153,301,1123.92,5,0.2,-182.637
CA-2015-121720,6/11/2015,6/12/2015,First Class,JE-15610,153,500,249.584,2,0.2,31.198
CA-2015-121720,6/11/2015,6/12/2015,First Class,JE-15610,153,1513,48.672,3,0.2,7.3008
CA-2015-121720,6/11/2015,6/12/2015,First Class,JE-15610,153,109,60.768,2,0.2,7.596
CA-2015-121720,6/11/2015,6/12/2015,First Class,JE-15610,153,272,78.6,5,0.7,-62.88
CA-2015-121720,6/11/2015,6/12/2015,First Class,JE-15610,153,1392,3.768,2,0.7,-3.14
CA-2015-121720,6/11/2015,6/12/2015,First Class,JE-15610,153,491,1036.624,2,0.2,51.8312
CA-2015-121720,6/11/2015,6/12/2015,First Class,JE-15610,153,724,563.808,4,0.2,21.1428
CA-2015-127418,6/13/2015,6/14/2015,First Class,JJ-15445,26,792,36.624,3,0.2,13.734
US-2015-106495,6/15/2015,6/17/2015,First Class,AC-10450,86,1218,11.672,1,0.2,-0.7295
US-2015-163825,6/16/2015,6/19/2015,First Class,LC-16885,30,454,3050.376,3,0.2,1143.891
US-2015-163825,6/16/2015,6/19/2015,First Class,LC-16885,30,1097,133.98,2,0,33.495
CA-2015-156734,6/18/2015,6/20/2015,First Class,BV-11245,298,1295,6.129,3,0.7,-4.4946
CA-2015-156734,6/18/2015,6/20/2015,First Class,BV-11245,298,230,643.136,4,0.2,56.2744
CA-2015-156734,6/18/2015,6/20/2015,First Class,BV-11245,298,291,20.736,4,0.2,7.2576
US-2015-136427,6/20/2015,6/23/2015,First Class,JM-16195,43,1837,125.944,7,0.2,15.743
CA-2015-124975,6/22/2015,6/25/2015,First Class,MG-17875,174,1353,796.425,7,0.5,-525.6405
CA-2015-119690,6/25/2015,6/28/2015,First Class,MV-17485,17,687,47.952,3,0.2,16.1838
CA-2015-119690,6/25/2015,6/28/2015,First Class,MV-17485,17,1727,0.984,2,0.8,-1.476
CA-2015-119690,6/25/2015,6/28/2015,First Class,MV-17485,17,1394,75.384,9,0.6,-20.7306
CA-2015-119690,6/25/2015,6/28/2015,First Class,MV-17485,17,751,4.608,2,0.2,1.6704
CA-2015-165799,6/29/2015,7/2/2015,First Class,SG-20470,24,546,117.882,1,0.1,1.3098
CA-2015-150196,7/2/2015,7/3/2015,First Class,SR-20740,24,1752,19.44,3,0,9.3312
CA-2015-140718,7/2/2015,7/4/2015,First Class,FA-14230,315,926,74.24,1,0.2,8.352
CA-2015-140718,7/2/2015,7/4/2015,First Class,FA-14230,315,899,159.84,10,0.2,45.954
CA-2015-140718,7/2/2015,7/4/2015,First Class,FA-14230,315,549,2.892,2,0.7,-2.3136
CA-2015-140718,7/2/2015,7/4/2015,First Class,FA-14230,315,713,9.392,2,0.2,3.2872
US-2015-153500,7/3/2015,7/5/2015,First Class,DG-13300,64,800,168.464,2,0.2,-29.4812
US-2015-153500,7/3/2015,7/5/2015,First Class,DG-13300,64,801,6.72,2,0.2,2.436
US-2015-153500,7/3/2015,7/5/2015,First Class,DG-13300,64,802,282.888,9,0.2,56.5776
CA-2015-142237,7/11/2015,7/13/2015,First Class,CK-12595,64,29,289.8,7,0.2,36.225
CA-2015-142237,7/11/2015,7/13/2015,First Class,CK-12595,64,763,2.502,3,0.7,-2.0016
CA-2015-142237,7/11/2015,7/13/2015,First Class,CK-12595,64,813,6.48,4,0.7,-4.752
CA-2015-142237,7/11/2015,7/13/2015,First Class,CK-12595,64,1236,341.488,8,0.3,-73.176
CA-2015-142237,7/11/2015,7/13/2015,First Class,CK-12595,64,326,11.12,5,0.2,0.834
CA-2015-142237,7/11/2015,7/13/2015,First Class,CK-12595,64,1237,25.344,6,0.2,3.4848
CA-2015-136469,7/11/2015,7/12/2015,First Class,TS-21370,50,725,199.836,4,0.3,-37.1124
CA-2015-136469,7/11/2015,7/12/2015,First Class,TS-21370,50,1129,716,2,0,193.32
CA-2015-136469,7/11/2015,7/12/2015,First Class,TS-21370,50,353,221.06,7,0,103.8982
US-2015-107349,7/13/2015,7/15/2015,First Class,SL-20155,15,1012,41.568,6,0.8,-66.5088
US-2015-166520,7/16/2015,7/19/2015,First Class,KE-16420,46,992,80.88,3,0,39.6312
US-2015-166520,7/16/2015,7/19/2015,First Class,KE-16420,46,884,599.9,10,0,191.968
CA-2015-159590,7/18/2015,7/21/2015,First Class,KC-16255,30,655,5.76,2,0,1.6128
US-2015-160150,7/19/2015,7/20/2015,First Class,TS-21085,52,1006,2.025,1,0.7,-1.35
US-2015-140200,7/26/2015,7/28/2015,First Class,CA-12775,155,742,393.165,3,0.5,-204.4458
CA-2015-155334,7/30/2015,7/31/2015,First Class,HA-14920,10,248,209.93,7,0,92.3692
CA-2015-155334,7/30/2015,7/31/2015,First Class,HA-14920,10,249,5.28,3,0,2.3232
CA-2015-155334,7/30/2015,7/31/2015,First Class,HA-14920,10,250,10.92,3,0.2,4.095
US-2015-164966,7/30/2015,8/1/2015,First Class,GH-14410,88,799,155.88,6,0,38.97
CA-2015-160794,8/6/2015,8/8/2015,First Class,MS-17980,17,758,27.216,3,0.2,9.8658
US-2015-124219,8/7/2015,8/8/2015,First Class,KW-16570,526,21,28.4,4,0,13.064
US-2015-124219,8/7/2015,8/8/2015,First Class,KW-16570,526,1480,212.94,3,0,34.0704
US-2015-117492,8/7/2015,8/9/2015,First Class,NS-18640,309,23,77.58,9,0,20.1708
CA-2015-131338,8/9/2015,8/12/2015,First Class,NP-18325,24,350,307.98,2,0,89.3142
CA-2015-131338,8/9/2015,8/12/2015,First Class,NP-18325,24,225,382.806,9,0.4,-153.1224
CA-2015-131338,8/9/2015,8/12/2015,First Class,NP-18325,24,195,41.96,2,0,2.9372
CA-2015-131338,8/9/2015,8/12/2015,First Class,NP-18325,24,698,1217.568,2,0.2,456.588
CA-2015-131338,8/9/2015,8/12/2015,First Class,NP-18325,24,117,47.04,3,0,18.3456
CA-2015-131338,8/9/2015,8/12/2015,First Class,NP-18325,24,51,6.16,2,0,2.9568
CA-2015-131338,8/9/2015,8/12/2015,First Class,NP-18325,24,474,979.95,5,0,274.386
CA-2015-131338,8/9/2015,8/12/2015,First Class,NP-18325,24,1062,143.7,3,0,68.976
CA-2015-131338,8/9/2015,8/12/2015,First Class,NP-18325,24,1063,10.65,3,0,5.0055
CA-2015-131338,8/9/2015,8/12/2015,First Class,NP-18325,24,389,247.8,4,0,34.692
CA-2015-169656,8/13/2015,8/16/2015,First Class,EJ-13720,106,724,422.856,3,0.2,15.8571
CA-2015-133396,8/13/2015,8/15/2015,First Class,GK-14620,308,1186,64.68,7,0.2,8.085
CA-2015-144267,8/21/2015,8/23/2015,First Class,NZ-18565,95,635,544.008,3,0.2,40.8006
CA-2015-144267,8/21/2015,8/23/2015,First Class,NZ-18565,95,371,59.94,3,0,28.1718
CA-2015-144267,8/21/2015,8/23/2015,First Class,NZ-18565,95,360,23.92,4,0,11.7208
CA-2015-144267,8/21/2015,8/23/2015,First Class,NZ-18565,95,636,4.28,1,0,1.926
CA-2015-132080,8/22/2015,8/25/2015,First Class,DP-13105,46,872,50.112,6,0.2,16.2864
CA-2015-169299,8/24/2015,8/26/2015,First Class,DO-13435,41,80,7.152,3,0.2,0.7152
CA-2015-111514,8/31/2015,9/2/2015,First Class,SC-20260,35,38,1552.831,7,0.15,200.9546
CA-2015-111514,8/31/2015,9/2/2015,First Class,SC-20260,35,143,137.24,5,0.2,46.3185
CA-2015-111514,8/31/2015,9/2/2015,First Class,SC-20260,35,1327,36.51,1,0,15.6993
CA-2015-111514,8/31/2015,9/2/2015,First Class,SC-20260,35,1328,239.976,3,0.2,80.9919
CA-2015-121608,9/3/2015,9/5/2015,First Class,JB-15400,320,15,137.62,2,0,60.5528
CA-2015-121608,9/3/2015,9/5/2015,First Class,JB-15400,320,1172,100.49,1,0,25.1225
CA-2015-143238,9/6/2015,9/8/2015,First Class,LO-17170,394,104,46.32,4,0,18.0648
CA-2015-162166,9/8/2015,9/11/2015,First Class,NM-18520,521,1638,26.4,5,0,11.88
CA-2015-162166,9/8/2015,9/11/2015,First Class,NM-18520,521,706,41.88,6,0,0.8376
CA-2015-126186,9/11/2015,9/12/2015,First Class,GB-14530,43,445,24.64,4,0.2,4.004
US-2015-129007,9/13/2015,9/15/2015,First Class,KD-16615,159,1166,131.88,7,0,55.3896
US-2015-129007,9/13/2015,9/15/2015,First Class,KD-16615,159,1135,25.032,3,0.2,7.8225
US-2015-129007,9/13/2015,9/15/2015,First Class,KD-16615,159,1191,717.72,3,0.2,71.772
US-2015-129007,9/13/2015,9/15/2015,First Class,KD-16615,159,1505,207.35,5,0,24.882
US-2015-129007,9/13/2015,9/15/2015,First Class,KD-16615,159,952,44.67,3,0,12.0609
US-2015-129007,9/13/2015,9/15/2015,First Class,KD-16615,159,929,209.7,2,0,100.656
US-2015-138716,9/17/2015,9/20/2015,First Class,CS-11845,60,1135,25.032,3,0.2,7.8225
CA-2015-101154,9/18/2015,9/21/2015,First Class,CM-12190,189,17,443.92,4,0,8.8784
CA-2015-153738,9/20/2015,9/22/2015,First Class,AG-10270,129,1392,37.68,6,0,16.956
CA-2015-126697,9/21/2015,9/24/2015,First Class,SV-20815,17,991,946.344,7,0.2,118.293
CA-2015-126697,9/21/2015,9/24/2015,First Class,SV-20815,17,731,151.2,3,0.2,32.13
CA-2015-126697,9/21/2015,9/24/2015,First Class,SV-20815,17,51,4.928,4,0.6,-1.4784
CA-2015-149972,9/21/2015,9/23/2015,First Class,CD-12790,2,504,601.536,4,0.2,0
CA-2015-149972,9/21/2015,9/23/2015,First Class,CD-12790,2,1452,7.9,2,0,2.528
US-2015-115343,9/22/2015,9/25/2015,First Class,FO-14305,106,1216,55.6,5,0.2,6.255
US-2015-115343,9/22/2015,9/25/2015,First Class,FO-14305,106,219,617.976,3,0.2,-7.7247
US-2015-164308,9/24/2015,9/27/2015,First Class,SC-20680,474,1569,821.94,6,0,213.7044
CA-2015-103933,9/25/2015,9/27/2015,First Class,DR-12880,165,1352,899.91,9,0,395.9604
US-2015-100531,9/27/2015,9/29/2015,First Class,NM-18520,27,446,15.08,2,0.8,-22.62
US-2015-100531,9/27/2015,9/29/2015,First Class,NM-18520,27,531,24.288,3,0.6,-12.7512
CA-2015-169201,9/28/2015,10/1/2015,First Class,HG-14965,95,338,43.26,3,0,14.2758
CA-2015-169201,9/28/2015,10/1/2015,First Class,HG-14965,95,1123,43.56,2,0,15.246
CA-2015-156566,10/1/2015,10/4/2015,First Class,EM-13960,41,1129,572.8,2,0.2,50.12
CA-2015-129917,10/2/2015,10/3/2015,First Class,HM-14980,142,1192,11.808,3,0.2,4.1328
CA-2015-129917,10/2/2015,10/3/2015,First Class,HM-14980,142,1623,53.568,4,0.2,19.4184
CA-2015-129917,10/2/2015,10/3/2015,First Class,HM-14980,142,1387,503.96,5,0.2,50.396
US-2015-144771,10/2/2015,10/4/2015,First Class,CK-12205,589,94,11.032,1,0.2,3.0338
US-2015-144771,10/2/2015,10/4/2015,First Class,CK-12205,589,178,53.04,3,0.2,-4.641
CA-2015-121391,10/4/2015,10/7/2015,First Class,AA-10315,10,148,26.96,2,0,7.0096
CA-2015-145828,10/5/2015,10/7/2015,First Class,MB-17305,94,178,53.04,3,0.2,-4.641
CA-2015-109736,10/10/2015,10/11/2015,First Class,DJ-13420,10,516,45.36,7,0,21.7728
CA-2015-132388,10/10/2015,10/12/2015,First Class,KN-16390,538,1333,362.136,3,0.2,-54.3204
CA-2015-132388,10/10/2015,10/12/2015,First Class,KN-16390,538,1683,31.05,3,0,14.904
CA-2015-102281,10/12/2015,10/14/2015,First Class,MP-17470,46,180,899.136,4,0.2,112.392
CA-2015-102281,10/12/2015,10/14/2015,First Class,MP-17470,46,181,71.76,6,0,20.0928
CA-2015-102281,10/12/2015,10/14/2015,First Class,MP-17470,46,182,51.84,8,0,24.8832
CA-2015-102281,10/12/2015,10/14/2015,First Class,MP-17470,46,38,626.352,3,0.2,46.9764
CA-2015-102281,10/12/2015,10/14/2015,First Class,MP-17470,46,183,19.9,5,0,6.567
CA-2015-131128,10/19/2015,10/20/2015,First Class,TB-21520,209,699,34.44,3,0,17.22
CA-2015-164623,10/20/2015,10/22/2015,First Class,MS-17770,46,34,24.56,2,0,11.5432
CA-2015-110877,10/23/2015,10/26/2015,First Class,JE-15715,17,753,36.288,7,0.2,12.7008
CA-2015-110877,10/23/2015,10/26/2015,First Class,JE-15715,17,544,150.384,2,0.2,15.0384
CA-2015-149650,10/24/2015,10/27/2015,First Class,RD-19660,233,370,454.272,8,0.2,-73.8192
CA-2015-132318,10/30/2015,11/2/2015,First Class,TT-21220,221,1320,182.91,3,0,53.0439
CA-2015-105221,11/1/2015,11/3/2015,First Class,VM-21685,12,178,35.36,2,0.2,-3.094
CA-2015-105221,11/1/2015,11/3/2015,First Class,VM-21685,12,1090,3.168,2,0.2,-0.7128
US-2015-110163,11/1/2015,11/4/2015,First Class,GA-14725,161,33,7.88,1,0.2,1.773
CA-2015-160227,11/2/2015,11/4/2015,First Class,ED-13885,165,1835,2621.322,11,0.1,553.3902
CA-2015-138625,11/2/2015,11/5/2015,First Class,EG-13900,338,1892,197.72,4,0,55.3616
CA-2015-162047,11/3/2015,11/5/2015,First Class,FH-14365,256,1605,1448.82,10,0.1,209.274
US-2015-136259,11/5/2015,11/8/2015,First Class,CB-12415,347,388,7.218,3,0.7,-5.5338
US-2015-136259,11/5/2015,11/8/2015,First Class,CB-12415,347,1800,27.2,4,0.2,2.04
CA-2015-105312,11/6/2015,11/9/2015,First Class,MT-17815,58,112,7.08,3,0.2,2.478
CA-2015-105312,11/6/2015,11/9/2015,First Class,MT-17815,58,773,4.401,3,0.7,-3.5208
CA-2015-153220,11/12/2015,11/14/2015,First Class,YC-21895,4,1426,15.7,5,0,7.065
CA-2015-154746,11/14/2015,11/17/2015,First Class,PJ-18835,29,624,33.96,2,0,16.98
CA-2015-154746,11/14/2015,11/17/2015,First Class,PJ-18835,29,1357,826.11,3,0,322.1829
CA-2015-138674,11/14/2015,11/17/2015,First Class,KB-16585,331,53,8.72,5,0.2,2.289
CA-2015-138674,11/14/2015,11/17/2015,First Class,KB-16585,331,1316,91.176,3,0.2,4.5588
CA-2015-138674,11/14/2015,11/17/2015,First Class,KB-16585,331,1244,159.968,4,0.2,29.994
CA-2015-138954,11/15/2015,11/17/2015,First Class,MH-17785,46,395,70.95,3,0,20.5755
CA-2015-138954,11/15/2015,11/17/2015,First Class,MH-17785,46,1360,34.944,6,0.2,11.7936
CA-2015-138954,11/15/2015,11/17/2015,First Class,MH-17785,46,1051,119.04,6,0,35.712
CA-2015-120446,11/16/2015,11/18/2015,First Class,JG-15805,189,167,18.9,3,0,8.694
CA-2015-136420,11/20/2015,11/21/2015,First Class,CS-12250,143,920,89.696,4,0.2,33.636
CA-2015-136420,11/20/2015,11/21/2015,First Class,CS-12250,143,50,50.12,4,0,23.5564
CA-2015-102778,11/21/2015,11/24/2015,First Class,JH-15820,234,207,18.176,1,0.2,4.7712
CA-2015-149300,11/22/2015,11/23/2015,First Class,BH-11710,187,1764,32.985,3,0.5,-1.9791
CA-2015-145184,11/27/2015,11/29/2015,First Class,JD-16150,286,1501,83.97,3,0,23.5116
CA-2015-145184,11/27/2015,11/29/2015,First Class,JD-16150,286,1502,104.97,3,0,7.3479
CA-2015-164497,11/28/2015,11/30/2015,First Class,AJ-10945,95,1654,45.28,4,0,15.3952
CA-2015-129112,11/29/2015,11/30/2015,First Class,AW-10840,294,1054,21.48,3,0.2,-0.2685
CA-2015-129112,11/29/2015,11/30/2015,First Class,AW-10840,294,1055,8.784,4,0.8,-13.6152
CA-2015-154340,11/29/2015,11/30/2015,First Class,EK-13795,201,1494,56.3,2,0,15.764
CA-2015-158323,11/30/2015,12/3/2015,First Class,AB-10600,223,1465,17.088,2,0.2,1.068
CA-2015-141327,11/30/2015,12/3/2015,First Class,LR-16915,36,620,6.048,7,0.7,-4.2336
CA-2015-141327,11/30/2015,12/3/2015,First Class,LR-16915,36,1377,98.352,3,0.2,9.8352
CA-2015-141327,11/30/2015,12/3/2015,First Class,LR-16915,36,222,335.744,2,0.2,25.1808
CA-2015-134943,12/5/2015,12/6/2015,First Class,SU-20665,542,1007,152.8,5,0,76.4
CA-2015-142937,12/5/2015,12/6/2015,First Class,SF-20065,78,1494,45.04,2,0.2,4.504
US-2015-131842,12/5/2015,12/8/2015,First Class,RR-19525,396,214,97.424,2,0.2,10.9602
CA-2015-166338,12/6/2015,12/7/2015,First Class,MP-18175,413,92,14.832,3,0.7,-10.3824
CA-2015-130736,12/7/2015,12/9/2015,First Class,JF-15490,60,499,3.96,2,0,0
CA-2015-130736,12/7/2015,12/9/2015,First Class,JF-15490,60,288,2.61,1,0,1.2006
CA-2015-165050,12/7/2015,12/9/2015,First Class,AH-10210,24,888,21.36,5,0.2,7.209
CA-2015-165050,12/7/2015,12/9/2015,First Class,AH-10210,24,814,6.688,2,0.2,2.3408
CA-2015-165050,12/7/2015,12/9/2015,First Class,AH-10210,24,966,773.94,6,0,224.4426
CA-2015-157035,12/9/2015,12/12/2015,First Class,KB-16600,135,758,34.02,3,0,16.6698
CA-2015-150560,12/11/2015,12/12/2015,First Class,SW-20455,304,513,196.62,2,0,96.3438
CA-2015-135853,12/11/2015,12/14/2015,First Class,CA-12775,186,795,175.23,11,0,61.3305
CA-2015-135853,12/11/2015,12/14/2015,First Class,CA-12775,186,1439,125.99,1,0,31.4975
CA-2015-135853,12/11/2015,12/14/2015,First Class,CA-12775,186,1033,23,2,0,10.35
CA-2015-145065,12/12/2015,12/15/2015,First Class,DK-13375,189,1344,7.86,2,0,3.6156
CA-2015-145065,12/12/2015,12/15/2015,First Class,DK-13375,189,1345,24.448,2,0.2,8.8624
CA-2015-110870,12/12/2015,12/15/2015,First Class,KD-16270,4,1146,299.94,6,0,128.9742
CA-2015-110870,12/12/2015,12/15/2015,First Class,KD-16270,4,329,25.76,7,0,0.5152
CA-2015-157770,12/13/2015,12/15/2015,First Class,RD-19585,441,767,494.376,3,0.2,49.4376
CA-2015-157770,12/13/2015,12/15/2015,First Class,RD-19585,441,349,29.2,5,0.2,9.855
CA-2015-157770,12/13/2015,12/15/2015,First Class,RD-19585,441,101,248.85,5,0,27.3735
CA-2015-157770,12/13/2015,12/15/2015,First Class,RD-19585,441,1541,36.24,1,0,15.2208
CA-2015-147830,12/15/2015,12/18/2015,First Class,NF-18385,56,1083,2025.36,6,0.2,607.608
CA-2015-147830,12/15/2015,12/18/2015,First Class,NF-18385,56,1519,1799.994,2,0.7,-2639.9912
CA-2015-147830,12/15/2015,12/18/2015,First Class,NF-18385,56,1517,101.988,2,0.4,-16.998
CA-2015-147830,12/15/2015,12/18/2015,First Class,NF-18385,56,269,262.864,7,0.2,69.0018
CA-2015-162544,12/16/2015,12/19/2015,First Class,SG-20080,60,1696,4.98,1,0,2.3406
CA-2015-127453,12/19/2015,12/20/2015,First Class,JK-15370,106,1118,434.352,3,0.2,43.4352
CA-2015-127453,12/19/2015,12/20/2015,First Class,JK-15370,106,1119,3.552,2,0.2,0.444
CA-2015-127453,12/19/2015,12/20/2015,First Class,JK-15370,106,1120,88.832,4,0.2,7.7728
CA-2015-115399,12/19/2015,12/22/2015,First Class,AG-10900,64,1197,6.912,3,0.2,2.5056
CA-2015-137071,12/20/2015,12/21/2015,First Class,ED-13885,67,731,100.8,2,0.2,21.42
CA-2015-165414,12/21/2015,12/24/2015,First Class,LS-17245,223,127,47.976,3,0.2,4.7976
CA-2015-157287,12/22/2015,12/23/2015,First Class,HR-14830,12,1233,33.568,2,0.2,1.6784
CA-2015-157287,12/22/2015,12/23/2015,First Class,HR-14830,12,874,422.625,7,0.3,0
CA-2015-117828,12/23/2015,12/26/2015,First Class,BD-11500,196,540,194.32,4,0,56.3528
CA-2015-169397,12/24/2015,12/27/2015,First Class,JB-15925,83,205,5.584,2,0.2,1.8148
CA-2015-169397,12/24/2015,12/27/2015,First Class,JB-15925,83,206,22.704,6,0.2,8.2302
CA-2015-169397,12/24/2015,12/27/2015,First Class,JB-15925,83,92,19.776,4,0.7,-13.8432
CA-2015-169397,12/24/2015,12/27/2015,First Class,JB-15925,83,207,72.704,4,0.2,19.0848
CA-2015-169397,12/24/2015,12/27/2015,First Class,JB-15925,83,208,479.988,4,0.7,-383.9904
CA-2015-169397,12/24/2015,12/27/2015,First Class,JB-15925,83,209,27.168,2,0.2,2.7168
CA-2015-124653,12/24/2015,12/26/2015,First Class,DB-13120,145,646,132.79,7,0,63.7392
CA-2015-124653,12/24/2015,12/26/2015,First Class,DB-13120,145,13,12.96,2,0,6.2208
CA-2015-124653,12/24/2015,12/26/2015,First Class,DB-13120,145,647,21.56,7,0,10.3488
CA-2015-151589,12/27/2015,12/30/2015,First Class,RE-19450,425,1717,195.64,4,0,91.9508
CA-2015-151589,12/27/2015,12/30/2015,First Class,RE-19450,425,1202,239.9,2,0,71.97
CA-2016-125206,1/3/2016,1/5/2016,First Class,LR-16915,63,1290,114.46,2,0,28.615
CA-2016-166912,1/15/2016,1/17/2016,First Class,BE-11335,30,1544,81.98,2,0,40.1702
CA-2016-153346,1/25/2016,1/27/2016,First Class,TB-21355,171,1335,9.21,3,0,2.3025
CA-2016-153346,1/25/2016,1/27/2016,First Class,TB-21355,171,1575,18,5,0,8.28
CA-2016-153661,1/30/2016,1/31/2016,First Class,SC-20725,35,300,305.01,9,0,76.2525
CA-2016-153661,1/30/2016,1/31/2016,First Class,SC-20725,35,134,50.784,2,0.2,17.7744
CA-2016-153661,1/30/2016,1/31/2016,First Class,SC-20725,35,266,26.01,9,0,12.2247
US-2016-140809,2/1/2016,2/3/2016,First Class,CK-12760,102,1021,56.45,5,0,14.677
CA-2016-161662,2/7/2016,2/9/2016,First Class,BE-11410,404,426,30.352,2,0.2,10.6232
CA-2016-164938,2/11/2016,2/13/2016,First Class,PB-19210,313,1147,69.93,7,0,0.6993
CA-2016-110492,2/12/2016,2/14/2016,First Class,JS-15880,149,914,1350.12,6,0,175.5156
CA-2016-110492,2/12/2016,2/14/2016,First Class,JS-15880,149,123,15.92,4,0,7.4824
CA-2016-134334,2/14/2016,2/15/2016,First Class,DK-13090,235,1466,4.77,1,0,2.1465
CA-2016-134334,2/14/2016,2/15/2016,First Class,DK-13090,235,1624,7.98,3,0,2.0748
CA-2016-134334,2/14/2016,2/15/2016,First Class,DK-13090,235,742,550.431,3,0.3,-47.1798
CA-2016-134334,2/14/2016,2/15/2016,First Class,DK-13090,235,249,10.56,6,0,4.6464
CA-2016-121447,2/21/2016,2/22/2016,First Class,EA-14035,165,277,135.8,7,0,66.542
CA-2016-102456,2/27/2016,3/1/2016,First Class,DL-12865,165,1061,170.88,3,0,49.5552
CA-2016-116799,3/3/2016,3/6/2016,First Class,JG-15310,457,834,42.784,7,0.2,15.5092
CA-2016-116799,3/3/2016,3/6/2016,First Class,JG-15310,457,1605,563.43,5,0.3,-56.343
CA-2016-153269,3/9/2016,3/12/2016,First Class,PS-18760,602,608,11.21,1,0,3.363
CA-2016-153269,3/9/2016,3/12/2016,First Class,PS-18760,602,479,354.9,5,0,88.725
CA-2016-153269,3/9/2016,3/12/2016,First Class,PS-18760,602,1809,17.94,3,0,8.7906
CA-2016-153269,3/9/2016,3/12/2016,First Class,PS-18760,602,935,51.8,4,0,23.31
CA-2016-159016,3/10/2016,3/11/2016,First Class,KF-16285,142,1113,14.9,5,0,7.152
CA-2016-159016,3/10/2016,3/11/2016,First Class,KF-16285,142,1159,4158.912,8,0.2,363.9048
CA-2016-169663,3/10/2016,3/13/2016,First Class,RH-19510,63,1054,26.85,3,0,5.1015
CA-2016-169663,3/10/2016,3/13/2016,First Class,RH-19510,63,1865,3357.6,3,0.2,377.73
CA-2016-118255,3/11/2016,3/13/2016,First Class,ON-18715,20,44,45.98,2,0,19.7714
CA-2016-118255,3/11/2016,3/13/2016,First Class,ON-18715,20,45,17.46,2,0,8.2062
CA-2016-158834,3/13/2016,3/16/2016,First Class,TW-21025,58,144,157.92,5,0.2,17.766
CA-2016-158834,3/13/2016,3/16/2016,First Class,TW-21025,58,145,203.184,2,0.2,15.2388
CA-2016-162082,3/14/2016,3/17/2016,First Class,JS-15880,115,637,241.332,5,0.32,-14.196
CA-2016-162082,3/14/2016,3/17/2016,First Class,JS-15880,115,553,5.184,1,0.2,1.8792
CA-2016-162082,3/14/2016,3/17/2016,First Class,JS-15880,115,1072,145.544,7,0.2,16.3737
CA-2016-124793,3/14/2016,3/16/2016,First Class,MM-18280,6,819,196.784,2,0.2,-22.1382
CA-2016-138968,3/15/2016,3/16/2016,First Class,FC-14335,95,805,4.544,2,0.2,1.6472
CA-2016-138968,3/15/2016,3/16/2016,First Class,FC-14335,95,781,1352.032,4,0.2,84.502
CA-2016-107615,3/22/2016,3/25/2016,First Class,RB-19645,284,832,58.58,2,0,19.3314
CA-2016-113803,3/24/2016,3/26/2016,First Class,VG-21805,239,1145,22.48,1,0,10.3408
US-2016-162677,3/26/2016,3/27/2016,First Class,DB-13210,223,1046,67.64,5,0.2,5.9185
US-2016-162677,3/26/2016,3/27/2016,First Class,DB-13210,223,968,119.976,3,0.2,-17.9964
CA-2016-162901,3/28/2016,3/31/2016,First Class,AS-10045,102,962,31.4,2,0,7.85
CA-2016-128258,3/30/2016,4/1/2016,First Class,CP-12085,212,758,11.34,1,0,5.5566
CA-2016-159142,4/4/2016,4/5/2016,First Class,ME-17320,29,142,149.97,3,0,5.9988
CA-2016-159142,4/4/2016,4/5/2016,First Class,ME-17320,29,1300,27.81,3,0,13.0707
CA-2016-110499,4/7/2016,4/9/2016,First Class,YC-21895,95,621,1199.976,3,0.2,374.9925
CA-2016-154998,4/7/2016,4/9/2016,First Class,ES-14080,101,276,37.94,2,0,18.2112
US-2016-106600,4/8/2016,4/11/2016,First Class,RM-19375,113,1567,354.9,5,0,88.725
US-2016-114622,4/10/2016,4/12/2016,First Class,JR-16210,158,714,8.904,2,0.7,-6.5296
CA-2016-163594,4/12/2016,4/14/2016,First Class,JF-15295,2,1156,19.44,3,0,9.3312
CA-2016-163594,4/12/2016,4/14/2016,First Class,JF-15295,2,408,194.352,3,0.2,-36.441
CA-2016-163594,4/12/2016,4/14/2016,First Class,JF-15295,2,792,36.624,3,0.2,13.734
CA-2016-152800,4/13/2016,4/15/2016,First Class,SP-20920,10,30,6.12,3,0,2.8764
CA-2016-166625,4/14/2016,4/17/2016,First Class,JM-15580,309,1106,25.06,2,0,11.7782
CA-2016-151498,4/21/2016,4/24/2016,First Class,DN-13690,61,257,8.32,5,0.2,2.808
CA-2016-124149,4/23/2016,4/26/2016,First Class,MJ-17740,404,1457,108.336,6,0.2,37.9176
CA-2016-124149,4/23/2016,4/26/2016,First Class,MJ-17740,404,5,55.92,5,0.2,6.291
CA-2016-124149,4/23/2016,4/26/2016,First Class,MJ-17740,404,1458,78.304,2,0.2,29.364
CA-2016-138933,4/24/2016,4/27/2016,First Class,JL-15130,216,597,3.984,1,0.2,1.3944
CA-2016-161816,4/28/2016,5/1/2016,First Class,NB-18655,163,350,369.576,3,0.2,41.5773
CA-2016-161816,4/28/2016,5/1/2016,First Class,NB-18655,163,527,15.712,4,0.2,5.6956
CA-2016-164784,5/1/2016,5/4/2016,First Class,HF-14995,32,645,3.984,1,0.2,1.2948
CA-2016-164784,5/1/2016,5/4/2016,First Class,HF-14995,32,122,370.62,3,0.4,-142.071
CA-2016-164784,5/1/2016,5/4/2016,First Class,HF-14995,32,1214,2.742,2,0.7,-2.0108
CA-2016-129280,5/3/2016,5/5/2016,First Class,SM-20905,56,466,132.52,5,0.2,34.7865
CA-2016-129280,5/3/2016,5/5/2016,First Class,SM-20905,56,1177,195.64,5,0.2,-44.019
CA-2016-129280,5/3/2016,5/5/2016,First Class,SM-20905,56,1435,51.968,2,0.2,10.3936
CA-2016-129280,5/3/2016,5/5/2016,First Class,SM-20905,56,1348,431.976,3,0.2,-75.5958
CA-2016-129280,5/3/2016,5/5/2016,First Class,SM-20905,56,1891,224.937,3,0.7,-164.9538
CA-2016-129280,5/3/2016,5/5/2016,First Class,SM-20905,56,1361,6,2,0.2,2.1
CA-2016-145247,5/5/2016,5/7/2016,First Class,ND-18370,176,963,79.14,3,0,36.4044
CA-2016-112676,5/5/2016,5/8/2016,First Class,PJ-18835,109,1310,14.352,3,0.2,5.2026
CA-2016-160500,5/5/2016,5/8/2016,First Class,DM-13015,236,1354,6.72,5,0.2,2.352
CA-2016-160500,5/5/2016,5/8/2016,First Class,DM-13015,236,211,298.776,3,0.2,7.4694
US-2016-102239,5/5/2016,5/6/2016,First Class,LW-16990,321,1688,1685.88,6,0,320.3172
US-2016-102239,5/5/2016,5/6/2016,First Class,LW-16990,321,177,5.728,2,0.2,2.0048
CA-2016-111696,5/8/2016,5/10/2016,First Class,TB-21625,26,152,17.94,3,0,8.073
CA-2016-162733,5/11/2016,5/12/2016,First Class,TT-21070,63,152,5.98,1,0,2.691
CA-2016-158435,5/17/2016,5/18/2016,First Class,AG-10900,506,666,65.17,7,0,18.8993
CA-2016-158435,5/17/2016,5/18/2016,First Class,AG-10900,506,150,14.62,2,0,6.8714
CA-2016-158435,5/17/2016,5/18/2016,First Class,AG-10900,506,791,173.24,4,0,17.324
US-2016-117037,5/17/2016,5/20/2016,First Class,LW-17215,156,1817,2.89,1,0.8,-4.7685
US-2016-117037,5/17/2016,5/20/2016,First Class,LW-17215,156,1336,7.896,3,0.2,2.4675
US-2016-117037,5/17/2016,5/20/2016,First Class,LW-17215,156,1166,22.608,3,0.6,-10.1736
US-2016-117037,5/17/2016,5/20/2016,First Class,LW-17215,156,1466,30.528,8,0.2,9.54
CA-2016-146010,5/20/2016,5/23/2016,First Class,EH-14125,98,618,40.635,7,0.7,-32.508
US-2016-139486,5/21/2016,5/23/2016,First Class,LH-17155,4,465,55.176,3,0.2,-12.4146
US-2016-139486,5/21/2016,5/23/2016,First Class,LH-17155,4,466,66.26,2,0,27.1666
CA-2016-127642,5/21/2016,5/23/2016,First Class,CP-12340,123,1682,111.96,2,0,54.8604
CA-2016-145499,5/30/2016,5/31/2016,First Class,RW-19690,125,525,3.282,2,0.7,-2.6256
CA-2016-153682,5/30/2016,6/1/2016,First Class,BG-11695,94,898,839.988,2,0.4,69.999
US-2016-128293,6/2/2016,6/5/2016,First Class,KC-16255,75,463,64.784,1,0.2,-12.9568
CA-2016-119823,6/4/2016,6/6/2016,First Class,KD-16270,29,68,75.88,2,0,35.6636
CA-2016-110982,6/5/2016,6/7/2016,First Class,CK-12205,87,1383,21.552,6,0.2,7.0044
CA-2016-110982,6/5/2016,6/7/2016,First Class,CK-12205,87,946,58.24,4,0,15.7248
CA-2016-127369,6/6/2016,6/7/2016,First Class,DB-13060,112,387,714.3,5,0,207.147
US-2016-167472,6/6/2016,6/7/2016,First Class,CK-12595,367,1026,179.94,6,0,75.5748
US-2016-167472,6/6/2016,6/7/2016,First Class,CK-12595,367,1054,26.85,3,0,5.1015
US-2016-167472,6/6/2016,6/7/2016,First Class,CK-12595,367,625,323.37,3,0,129.348
US-2016-167472,6/6/2016,6/7/2016,First Class,CK-12595,367,371,59.94,3,0,28.1718
US-2016-167472,6/6/2016,6/7/2016,First Class,CK-12595,367,95,64.14,3,0,30.7872
US-2016-167472,6/6/2016,6/7/2016,First Class,CK-12595,367,1075,11.67,3,0,5.6016
US-2016-167472,6/6/2016,6/7/2016,First Class,CK-12595,367,1504,12.96,2,0,6.2208
CA-2016-120558,6/7/2016,6/10/2016,First Class,RD-19810,46,495,32.4,5,0,15.552
CA-2016-147368,6/9/2016,6/12/2016,First Class,TC-21295,395,955,695.7,2,0.5,-27.828
CA-2016-121993,6/10/2016,6/12/2016,First Class,JB-16000,12,1675,23.616,8,0.2,7.9704
CA-2016-127208,6/12/2016,6/15/2016,First Class,SC-20770,34,78,208.16,1,0,56.2032
CA-2016-127208,6/12/2016,6/15/2016,First Class,SC-20770,34,79,16.74,3,0,8.0352
CA-2016-103730,6/12/2016,6/15/2016,First Class,SC-20725,50,117,47.04,3,0,18.3456
CA-2016-103730,6/12/2016,6/15/2016,First Class,SC-20725,50,9,30.84,4,0,13.878
CA-2016-103730,6/12/2016,6/15/2016,First Class,SC-20725,50,118,226.56,6,0,63.4368
CA-2016-103730,6/12/2016,6/15/2016,First Class,SC-20725,50,119,115.02,9,0,51.759
CA-2016-103730,6/12/2016,6/15/2016,First Class,SC-20725,50,120,68.04,7,0,19.7316
CA-2016-107216,6/14/2016,6/17/2016,First Class,PV-18985,35,831,7.04,4,0,2.0416
CA-2016-107216,6/14/2016,6/17/2016,First Class,PV-18985,35,399,8.73,3,0,4.1031
CA-2016-107216,6/14/2016,6/17/2016,First Class,PV-18985,35,832,29.29,1,0,9.6657
CA-2016-107216,6/14/2016,6/17/2016,First Class,PV-18985,35,833,8.64,3,0,2.5056
CA-2016-133872,6/14/2016,6/17/2016,First Class,VM-21835,220,1208,39.936,4,0.7,-26.624
CA-2016-133872,6/14/2016,6/17/2016,First Class,VM-21835,220,1602,18.464,2,0.2,2.308
CA-2016-152765,6/15/2016,6/18/2016,First Class,LS-17245,67,1721,173.488,7,0.2,54.215
CA-2016-111682,6/17/2016,6/18/2016,First Class,TB-21055,25,55,208.56,6,0,52.14
CA-2016-111682,6/17/2016,6/18/2016,First Class,TB-21055,25,56,32.4,5,0,15.552
CA-2016-111682,6/17/2016,6/18/2016,First Class,TB-21055,25,57,319.41,5,0.1,7.098
CA-2016-111682,6/17/2016,6/18/2016,First Class,TB-21055,25,58,14.56,2,0,6.9888
CA-2016-111682,6/17/2016,6/18/2016,First Class,TB-21055,25,47,30,2,0,3.3
CA-2016-111682,6/17/2016,6/18/2016,First Class,TB-21055,25,59,48.48,4,0.2,16.362
CA-2016-111682,6/17/2016,6/18/2016,First Class,TB-21055,25,60,1.68,1,0,0.84
CA-2016-123512,6/17/2016,6/19/2016,First Class,MV-18190,63,1629,239.666,2,0.15,14.098
CA-2016-123512,6/17/2016,6/19/2016,First Class,MV-18190,63,1361,22.5,6,0,10.8
CA-2016-123512,6/17/2016,6/19/2016,First Class,MV-18190,63,1798,219.84,4,0,107.7216
CA-2016-107146,6/17/2016,6/19/2016,First Class,LC-16885,594,1334,266.352,3,0.2,-13.3176
CA-2016-107146,6/17/2016,6/19/2016,First Class,LC-16885,594,536,483.136,4,0.2,54.3528
US-2016-163461,6/18/2016,6/21/2016,First Class,BT-11440,529,1712,76.864,2,0.2,26.9024
CA-2016-105760,6/19/2016,6/20/2016,First Class,KC-16255,95,738,17.12,2,0,8.0464
CA-2016-141397,6/20/2016,6/21/2016,First Class,RC-19825,55,486,46.76,7,0,22.4448
CA-2016-141397,6/20/2016,6/21/2016,First Class,RC-19825,55,784,17.712,3,0.2,6.4206
CA-2016-141397,6/20/2016,6/21/2016,First Class,RC-19825,55,939,21.78,2,0,5.6628
CA-2016-141397,6/20/2016,6/21/2016,First Class,RC-19825,55,401,161.94,3,0,9.7164
CA-2016-141397,6/20/2016,6/21/2016,First Class,RC-19825,55,940,161.568,2,0.2,-8.0784
CA-2016-139997,7/1/2016,7/3/2016,First Class,EM-14140,519,1343,1499.95,5,0,449.985
US-2016-158680,7/1/2016,7/2/2016,First Class,NZ-18565,61,750,2.496,1,0.2,0.9048
CA-2016-102813,7/2/2016,7/3/2016,First Class,EA-14035,144,668,528.43,5,0.3,0
CA-2016-102813,7/2/2016,7/3/2016,First Class,EA-14035,144,1460,41.472,8,0.2,14.5152
CA-2016-130029,7/3/2016,7/6/2016,First Class,GT-14755,14,1576,12.96,2,0,6.2208
CA-2016-130029,7/3/2016,7/6/2016,First Class,GT-14755,14,1090,3.96,2,0,0.0792
CA-2016-147137,7/4/2016,7/6/2016,First Class,AA-10645,10,539,25.4,5,0,8.636
CA-2016-147137,7/4/2016,7/6/2016,First Class,AA-10645,10,1692,43.96,2,0,20.6612
CA-2016-147137,7/4/2016,7/6/2016,First Class,AA-10645,10,796,1279.165,5,0.15,225.735
CA-2016-147137,7/4/2016,7/6/2016,First Class,AA-10645,10,706,27.92,4,0,0.5584
CA-2016-136924,7/14/2016,7/17/2016,First Class,ES-14080,116,481,380.864,8,0.2,38.0864
CA-2016-120180,7/14/2016,7/16/2016,First Class,TP-21130,64,520,11.632,2,0.2,1.0178
CA-2016-157217,7/19/2016,7/21/2016,First Class,TC-21535,95,1837,35.984,2,0.2,4.498
CA-2016-157217,7/19/2016,7/21/2016,First Class,TC-21535,95,1315,389.97,3,0,132.5898
CA-2016-111318,7/23/2016,7/26/2016,First Class,IL-15100,17,1795,115.136,8,0.2,11.5136
CA-2016-102498,7/24/2016,7/25/2016,First Class,JG-15160,300,1074,73.2,5,0,21.228
CA-2016-147417,7/25/2016,7/27/2016,First Class,CB-12415,48,308,1439.976,4,0.4,191.9968
CA-2016-149454,7/25/2016,7/26/2016,First Class,KM-16375,102,872,10.44,1,0,4.8024
CA-2016-107783,7/28/2016,7/29/2016,First Class,OT-18730,530,637,177.45,5,0.5,-78.078
CA-2016-107783,7/28/2016,7/29/2016,First Class,OT-18730,530,698,1369.764,6,0.7,-913.176
CA-2016-107783,7/28/2016,7/29/2016,First Class,OT-18730,530,1711,9.48,3,0.2,0.711
US-2016-131891,7/29/2016,7/31/2016,First Class,PW-19240,516,1727,2.214,3,0.7,-1.476
CA-2016-112585,7/30/2016,8/2/2016,First Class,RW-19630,35,854,715.64,2,0,178.91
US-2016-128195,8/4/2016,8/5/2016,First Class,RA-19285,121,1425,3.98,5,0.8,-6.567
CA-2016-158869,8/6/2016,8/7/2016,First Class,AH-10690,24,260,70.88,2,0,33.3136
US-2016-113649,8/9/2016,8/12/2016,First Class,HA-14920,307,1022,30.816,9,0.2,9.63
US-2016-113649,8/9/2016,8/12/2016,First Class,HA-14920,307,1501,44.784,2,0.2,4.4784
US-2016-113649,8/9/2016,8/12/2016,First Class,HA-14920,307,161,569.536,4,0.2,64.0728
CA-2016-125843,8/13/2016,8/16/2016,First Class,RF-19840,29,79,22.32,4,0,10.7136
CA-2016-125843,8/13/2016,8/16/2016,First Class,RF-19840,29,432,103.6,7,0,51.8
CA-2016-119515,8/14/2016,8/16/2016,First Class,TR-21325,396,1576,15.552,3,0.2,5.4432
CA-2016-148096,8/16/2016,8/19/2016,First Class,AO-10810,63,1551,161.28,2,0.2,12.096
CA-2016-113551,8/18/2016,8/20/2016,First Class,NF-18385,466,1355,2.068,1,0.8,-3.4122
CA-2016-113551,8/18/2016,8/20/2016,First Class,NF-18385,466,1421,83.84,8,0.2,30.392
CA-2016-101980,8/19/2016,8/20/2016,First Class,RP-19390,30,1007,146.688,6,0.2,55.008
CA-2016-101980,8/19/2016,8/20/2016,First Class,RP-19390,30,1619,276.784,2,0.2,89.9548
CA-2016-101980,8/19/2016,8/20/2016,First Class,RP-19390,30,866,25.32,5,0.2,9.1785
CA-2016-151141,8/20/2016,8/23/2016,First Class,DW-13480,186,1190,14.78,2,0,3.9906
US-2016-141880,8/22/2016,8/23/2016,First Class,TC-21475,377,519,98.328,3,0.2,9.8328
CA-2016-105585,8/26/2016,8/27/2016,First Class,RF-19735,59,265,10.23,3,0,4.9104
CA-2016-105585,8/26/2016,8/27/2016,First Class,RF-19735,59,765,154.9,5,0,69.705
CA-2016-152289,8/26/2016,8/28/2016,First Class,LC-16930,90,412,159.984,2,0.2,43.9956
CA-2016-152289,8/26/2016,8/28/2016,First Class,LC-16930,90,863,1024.716,6,0.3,-29.2776
CA-2016-128594,8/26/2016,8/29/2016,First Class,DJ-13510,89,448,1603.136,4,0.2,100.196
CA-2016-160598,8/26/2016,8/28/2016,First Class,SV-20815,230,1432,31.008,1,0.2,11.2404
CA-2016-145303,8/28/2016,8/31/2016,First Class,TP-21415,177,349,13.14,9,0.8,-21.681
CA-2016-145303,8/28/2016,8/31/2016,First Class,TP-21415,177,1106,10.024,4,0.8,-16.5396
CA-2016-145303,8/28/2016,8/31/2016,First Class,TP-21415,177,1132,156.3728,2,0.32,-52.8908
CA-2016-137652,8/28/2016,8/30/2016,First Class,EB-13750,94,1767,18.432,8,0.7,-12.288
US-2016-141544,8/30/2016,9/1/2016,First Class,PO-18850,106,299,290.898,3,0.4,-67.8762
US-2016-141544,8/30/2016,9/1/2016,First Class,PO-18850,106,300,54.224,2,0.2,3.389
US-2016-141544,8/30/2016,9/1/2016,First Class,PO-18850,106,301,786.744,4,0.3,-258.5016
US-2016-141544,8/30/2016,9/1/2016,First Class,PO-18850,106,302,100.24,10,0.2,33.831
US-2016-141544,8/30/2016,9/1/2016,First Class,PO-18850,106,303,37.764,6,0.7,-27.6936
CA-2016-129714,9/1/2016,9/3/2016,First Class,AB-10060,30,236,6.79,1,0,2.3086
CA-2016-129714,9/1/2016,9/3/2016,First Class,AB-10060,30,316,24.56,2,0,11.5432
CA-2016-129714,9/1/2016,9/3/2016,First Class,AB-10060,30,317,3.048,1,0.2,1.0668
CA-2016-129714,9/1/2016,9/3/2016,First Class,AB-10060,30,316,49.12,4,0,23.0864
CA-2016-129714,9/1/2016,9/3/2016,First Class,AB-10060,30,318,4355.168,4,0.2,1415.4296
CA-2016-120859,9/1/2016,9/4/2016,First Class,CV-12805,95,471,21.88,2,0,10.94
CA-2016-113096,9/2/2016,9/4/2016,First Class,SZ-20035,35,172,46.53,3,0,12.0978
CA-2016-129847,9/2/2016,9/4/2016,First Class,TA-21385,156,1838,84.272,2,0.6,-75.8448
CA-2016-158099,9/3/2016,9/5/2016,First Class,PK-18910,106,698,1141.47,5,0.7,-760.98
CA-2016-158099,9/3/2016,9/5/2016,First Class,PK-18910,106,500,280.782,3,0.4,-46.797
CA-2016-132143,9/3/2016,9/5/2016,First Class,FM-14215,265,322,48.16,7,0,22.1536
US-2016-101616,9/3/2016,9/6/2016,First Class,CY-12745,69,640,87.28,8,0,41.0216
CA-2016-160815,9/5/2016,9/6/2016,First Class,TR-21325,259,926,278.4,3,0,80.736
CA-2016-151372,9/5/2016,9/6/2016,First Class,JH-15985,415,1724,96.08,2,0,46.1184
CA-2016-151372,9/5/2016,9/6/2016,First Class,JH-15985,415,349,11.68,2,0.2,3.942
CA-2016-151372,9/5/2016,9/6/2016,First Class,JH-15985,415,53,4.36,2,0,1.7876
CA-2016-136595,9/5/2016,9/7/2016,First Class,EM-13825,67,1398,21.204,3,0.6,-11.6622
CA-2016-139409,9/5/2016,9/7/2016,First Class,FW-14395,165,48,43.6,4,0,12.208
CA-2016-145240,9/6/2016,9/8/2016,First Class,BG-11740,33,148,10.784,1,0.2,0.8088
CA-2016-131499,9/8/2016,9/10/2016,First Class,MG-17875,165,1491,207.48,1,0,62.244
CA-2016-110023,9/9/2016,9/11/2016,First Class,TS-21610,24,630,14.624,2,0.2,5.484
CA-2016-153157,9/11/2016,9/14/2016,First Class,TB-21625,478,1539,224.75,5,0,62.93
CA-2016-143476,9/11/2016,9/13/2016,First Class,LC-16930,52,860,2.912,2,0.2,0.91
CA-2016-143476,9/11/2016,9/13/2016,First Class,LC-16930,52,1843,20.736,4,0.2,7.2576
CA-2016-143476,9/11/2016,9/13/2016,First Class,LC-16930,52,461,9.568,2,0.2,2.99
CA-2016-162159,9/16/2016,9/18/2016,First Class,CR-12625,113,65,121.78,2,0,30.445
CA-2016-157511,9/18/2016,9/20/2016,First Class,SV-20365,48,1364,5.352,3,0.2,1.6056
CA-2016-157511,9/18/2016,9/20/2016,First Class,SV-20365,48,479,99.372,2,0.3,-7.098
CA-2016-157511,9/18/2016,9/20/2016,First Class,SV-20365,48,1227,2.672,1,0.2,0.3674
CA-2016-168354,9/19/2016,9/21/2016,First Class,RH-19510,260,523,1606.23,9,0,481.869
CA-2016-168354,9/19/2016,9/21/2016,First Class,RH-19510,260,568,17.04,3,0,7.668
CA-2016-168354,9/19/2016,9/21/2016,First Class,RH-19510,260,735,49.53,3,0,23.7744
CA-2016-168354,9/19/2016,9/21/2016,First Class,RH-19510,260,641,872.32,4,0,244.2496
CA-2016-120250,9/19/2016,9/22/2016,First Class,AP-10720,12,1708,25.632,3,0.2,3.8448
CA-2016-158610,9/19/2016,9/22/2016,First Class,CK-12595,260,55,69.52,2,0,17.38
CA-2016-135965,9/22/2016,9/25/2016,First Class,SZ-20035,46,81,128.34,6,0,37.2186
CA-2016-106656,9/23/2016,9/26/2016,First Class,DV-13045,89,30,4.08,2,0,1.9176
CA-2016-106656,9/23/2016,9/26/2016,First Class,DV-13045,89,167,18.9,3,0,8.694
CA-2016-132479,9/24/2016,9/26/2016,First Class,MK-17905,229,385,442.372,7,0.8,-729.9138
CA-2016-148747,9/25/2016,9/27/2016,First Class,AS-10045,95,180,477.666,2,0.15,84.294
CA-2016-132017,9/26/2016,9/27/2016,First Class,MH-17620,17,829,6.816,2,0.8,-11.5872
US-2016-134656,9/28/2016,10/1/2016,First Class,MM-18280,117,336,99.136,4,0.2,30.98
CA-2016-134362,9/29/2016,10/2/2016,First Class,LS-16945,12,696,15.936,4,0.2,5.1792
CA-2016-161781,9/29/2016,9/30/2016,First Class,CC-12100,135,816,40.88,7,0,10.6288
CA-2016-108644,9/30/2016,10/3/2016,First Class,SJ-20215,117,187,1.964,2,0.8,-3.2406
CA-2016-157686,10/1/2016,10/2/2016,First Class,BD-11620,35,65,194.848,4,0.2,12.178
CA-2016-155992,10/1/2016,10/2/2016,First Class,CC-12220,242,141,69.9,2,0,18.873
CA-2016-155992,10/1/2016,10/2/2016,First Class,CC-12220,242,912,41.85,5,0,10.881
CA-2016-118969,10/2/2016,10/3/2016,First Class,LP-17095,52,476,54.792,6,0.7,-40.1808
US-2016-157490,10/6/2016,10/7/2016,First Class,LB-16795,261,1855,703.71,6,0.7,-938.28
US-2016-157490,10/6/2016,10/7/2016,First Class,LB-16795,261,533,17.904,4,0.7,-14.92
US-2016-157490,10/6/2016,10/7/2016,First Class,LB-16795,261,1241,11.976,4,0.7,-9.1816
US-2016-157490,10/6/2016,10/7/2016,First Class,LB-16795,261,1645,67.96,5,0.2,0.8495
CA-2016-127649,10/7/2016,10/9/2016,First Class,DL-13495,322,1512,837.6,3,0.2,62.82
CA-2016-163216,10/7/2016,10/10/2016,First Class,AW-10930,106,86,4.928,2,0.2,1.7248
CA-2016-157707,10/10/2016,10/12/2016,First Class,CC-12610,77,1863,90.882,3,0.7,-190.8522
CA-2016-157707,10/10/2016,10/12/2016,First Class,CC-12610,77,1759,15.992,1,0.2,-2.9985
CA-2016-157707,10/10/2016,10/12/2016,First Class,CC-12610,77,536,120.784,1,0.2,13.5882
CA-2016-126627,10/10/2016,10/12/2016,First Class,WB-21850,630,1477,14,4,0.6,-6.3
CA-2016-126627,10/10/2016,10/12/2016,First Class,WB-21850,630,807,16.392,2,0.8,-26.2272
CA-2016-141586,10/17/2016,10/20/2016,First Class,NK-18490,35,110,18.16,5,0.2,6.583
CA-2016-152688,10/17/2016,10/20/2016,First Class,NR-18550,348,433,120.98,1,0,12.098
CA-2016-152688,10/17/2016,10/20/2016,First Class,NR-18550,348,385,315.98,1,0,148.5106
CA-2016-106341,10/20/2016,10/23/2016,First Class,LF-17185,56,80,7.152,3,0.2,0.7152
CA-2016-168921,10/20/2016,10/22/2016,First Class,AG-10495,14,1243,19.296,3,0.2,6.03
CA-2016-111493,10/21/2016,10/22/2016,First Class,CM-12160,309,969,98.16,6,0,9.816
CA-2016-165148,10/22/2016,10/24/2016,First Class,PM-19135,84,550,31.4,5,0,10.048
US-2016-116400,10/22/2016,10/24/2016,First Class,EB-13930,196,1639,39.92,4,0,11.1776
CA-2016-153318,10/25/2016,10/28/2016,First Class,JS-15595,124,474,783.96,5,0.2,78.396
CA-2016-134775,10/28/2016,10/29/2016,First Class,AS-10285,10,341,50.96,7,0,25.48
CA-2016-134775,10/28/2016,10/29/2016,First Class,AS-10285,10,342,49.536,3,0.2,17.3376
CA-2016-146682,10/29/2016,10/31/2016,First Class,KW-16435,243,280,67,5,0,32.16
CA-2016-100671,11/1/2016,11/4/2016,First Class,CS-12490,444,1554,111.672,9,0.2,6.9795
CA-2016-114972,11/3/2016,11/6/2016,First Class,PF-19225,4,1366,217.584,2,0.2,-29.9178
CA-2016-114972,11/3/2016,11/6/2016,First Class,PF-19225,4,1367,82.95,5,0,29.0325
CA-2016-114972,11/3/2016,11/6/2016,First Class,PF-19225,4,1368,87.71,7,0,41.2237
CA-2016-114972,11/3/2016,11/6/2016,First Class,PF-19225,4,1357,1101.48,4,0,429.5772
CA-2016-159023,11/3/2016,11/5/2016,First Class,NW-18400,41,930,4.158,7,0.7,-3.465
CA-2016-159023,11/3/2016,11/5/2016,First Class,NW-18400,41,1881,179.991,3,0.7,-251.9874
CA-2016-166443,11/4/2016,11/5/2016,First Class,LH-17020,35,498,38.29,7,0,16.4647
CA-2016-148908,11/5/2016,11/8/2016,First Class,JH-15985,10,1208,53.248,2,0.2,19.968
CA-2016-157280,11/5/2016,11/7/2016,First Class,LW-17125,221,1386,273.96,2,0,71.2296
CA-2016-157280,11/5/2016,11/7/2016,First Class,LW-17125,221,638,89.97,3,0,18.8937
CA-2016-157280,11/5/2016,11/7/2016,First Class,LW-17125,221,1847,756.8,5,0,75.68
US-2016-153815,11/6/2016,11/9/2016,First Class,KL-16555,134,71,207.984,2,0.2,-28.5978
US-2016-153815,11/6/2016,11/9/2016,First Class,KL-16555,134,1457,36.112,2,0.2,12.6392
US-2016-153815,11/6/2016,11/9/2016,First Class,KL-16555,134,648,35.568,2,0.2,5.7798
US-2016-153815,11/6/2016,11/9/2016,First Class,KL-16555,134,420,88.768,2,0.2,31.0688
CA-2016-161669,11/7/2016,11/9/2016,First Class,EM-14095,2,679,37.44,4,0.2,11.7
CA-2016-161669,11/7/2016,11/9/2016,First Class,EM-14095,2,680,26.976,4,0.2,8.7672
CA-2016-161669,11/7/2016,11/9/2016,First Class,EM-14095,2,681,11.36,2,0,3.2944
CA-2016-161669,11/7/2016,11/9/2016,First Class,EM-14095,2,682,14.62,2,0,6.8714
US-2016-139388,11/7/2016,11/9/2016,First Class,CC-12475,101,1038,14.96,4,0,0.2992
CA-2016-132997,11/7/2016,11/9/2016,First Class,LW-17215,145,511,263.96,4,0,71.2692
CA-2016-132997,11/7/2016,11/9/2016,First Class,LW-17215,145,1222,359.97,3,0,100.7916
CA-2016-132997,11/7/2016,11/9/2016,First Class,LW-17215,145,1363,12.96,2,0,6.2208
CA-2016-132997,11/7/2016,11/9/2016,First Class,LW-17215,145,42,116.82,3,0,5.841
CA-2016-132997,11/7/2016,11/9/2016,First Class,LW-17215,145,1619,276.784,2,0.2,89.9548
CA-2016-105494,11/10/2016,11/12/2016,First Class,PC-18745,35,332,155.82,7,0,42.0714
CA-2016-105494,11/10/2016,11/12/2016,First Class,PC-18745,35,711,70.008,3,0.2,24.5028
CA-2016-163384,11/10/2016,11/12/2016,First Class,CC-12430,35,933,13.216,4,0.2,4.4604
CA-2016-163384,11/10/2016,11/12/2016,First Class,CC-12430,35,868,32.4,5,0,15.552
CA-2016-152940,11/10/2016,11/13/2016,First Class,RO-19780,95,1079,29.74,1,0,4.461
US-2016-136581,11/10/2016,11/12/2016,First Class,SV-20365,413,1304,31.104,6,0.2,10.8864
CA-2016-140935,11/10/2016,11/12/2016,First Class,AB-10015,337,1749,221.98,2,0,62.1544
CA-2016-140935,11/10/2016,11/12/2016,First Class,AB-10015,337,1117,341.96,2,0,54.7136
CA-2016-164399,11/12/2016,11/15/2016,First Class,DW-13480,143,1517,203.976,3,0.2,25.497
CA-2016-164399,11/12/2016,11/15/2016,First Class,DW-13480,143,1688,674.352,3,0.2,-8.4294
CA-2016-149349,11/12/2016,11/13/2016,First Class,SP-20650,37,1194,22.752,6,0.6,-8.532
CA-2016-118759,11/14/2016,11/17/2016,First Class,MB-17305,30,635,408.006,2,0.1,72.5344
CA-2016-118759,11/14/2016,11/17/2016,First Class,MB-17305,30,148,40.44,3,0,10.5144
US-2016-112970,11/14/2016,11/15/2016,First Class,TB-21250,14,959,9.84,3,0,2.8536
CA-2016-124527,11/16/2016,11/17/2016,First Class,IM-15055,53,257,8.32,5,0.2,2.808
CA-2016-134110,11/17/2016,11/18/2016,First Class,BG-11035,486,1501,67.176,3,0.2,6.7176
CA-2016-134110,11/17/2016,11/18/2016,First Class,BG-11035,486,1411,15.232,4,0.2,5.5216
CA-2016-118500,11/17/2016,11/18/2016,First Class,HJ-14875,35,563,49.5,5,0,13.365
CA-2016-111143,11/19/2016,11/22/2016,First Class,TT-21265,305,1572,54.96,3,0,15.9384
CA-2016-157364,11/19/2016,11/21/2016,First Class,LT-17110,223,690,18.48,2,0.2,6.006
CA-2016-109820,11/20/2016,11/22/2016,First Class,AG-10390,94,790,15.696,3,0.2,5.1012
CA-2016-109820,11/20/2016,11/22/2016,First Class,AG-10390,94,238,2.628,2,0.7,-1.9272
CA-2016-109820,11/20/2016,11/22/2016,First Class,AG-10390,94,28,14.427,3,0.7,-10.5798
CA-2016-124485,11/24/2016,11/26/2016,First Class,NC-18340,46,983,17.216,4,0.2,6.0256
CA-2016-124485,11/24/2016,11/26/2016,First Class,NC-18340,46,615,11.56,2,0,5.6644
CA-2016-124485,11/24/2016,11/26/2016,First Class,NC-18340,46,178,88.4,4,0,11.492
CA-2016-124485,11/24/2016,11/26/2016,First Class,NC-18340,46,984,6.48,1,0,3.1104
CA-2016-163573,11/24/2016,11/27/2016,First Class,AC-10450,60,575,1219.96,5,0.2,381.2375
CA-2016-125661,11/24/2016,11/26/2016,First Class,CA-12055,178,624,40.752,3,0.2,15.282
CA-2016-125661,11/24/2016,11/26/2016,First Class,CA-12055,178,1077,139.96,5,0.2,-22.7435
US-2016-119298,11/25/2016,11/28/2016,First Class,EP-13915,238,1003,59.98,2,0,17.994
CA-2016-133711,11/26/2016,11/29/2016,First Class,MC-17425,273,893,70.98,7,0,34.7802
CA-2016-133711,11/26/2016,11/29/2016,First Class,MC-17425,273,1007,91.68,3,0,45.84
CA-2016-133711,11/26/2016,11/29/2016,First Class,MC-17425,273,1006,33.75,5,0,16.875
CA-2016-133711,11/26/2016,11/29/2016,First Class,MC-17425,273,1008,3040,8,0,1459.2
US-2016-158309,11/26/2016,11/29/2016,First Class,PA-19060,230,750,3.744,4,0.7,-2.6208
CA-2016-145135,11/26/2016,11/28/2016,First Class,CD-12790,604,815,59.97,3,0,14.9925
CA-2016-145135,11/26/2016,11/28/2016,First Class,CD-12790,604,1296,13.36,2,0,6.4128
CA-2016-162313,11/27/2016,11/30/2016,First Class,VB-21745,368,1284,167.292,6,0.1,29.7408
CA-2016-144911,11/27/2016,11/30/2016,First Class,RW-19630,440,61,34.95,5,0,15.378
CA-2016-144911,11/27/2016,11/30/2016,First Class,RW-19630,440,1009,152,5,0,69.92
CA-2016-117583,11/27/2016,11/30/2016,First Class,CB-12025,621,1433,25.92,4,0,12.4416
CA-2016-117583,11/27/2016,11/30/2016,First Class,CB-12025,621,334,34.65,3,0,9.702
CA-2016-117583,11/27/2016,11/30/2016,First Class,CB-12025,621,846,204.95,5,0,100.4255
CA-2016-117583,11/27/2016,11/30/2016,First Class,CB-12025,621,1418,79.95,5,0,38.376
US-2016-150861,12/3/2016,12/6/2016,First Class,EG-13900,188,606,182.72,8,0,84.0512
US-2016-150861,12/3/2016,12/6/2016,First Class,EG-13900,188,607,400.032,2,0.4,-153.3456
US-2016-150861,12/3/2016,12/6/2016,First Class,EG-13900,188,608,33.63,3,0,10.089
US-2016-150861,12/3/2016,12/6/2016,First Class,EG-13900,188,230,542.646,3,0.1,102.4998
US-2016-150861,12/3/2016,12/6/2016,First Class,EG-13900,188,398,6.3,2,0,3.024
CA-2016-153598,12/3/2016,12/6/2016,First Class,NM-18520,63,1769,1649.95,5,0,659.98
CA-2016-153598,12/3/2016,12/6/2016,First Class,NM-18520,63,1636,111.9,6,0,51.474
CA-2016-126004,12/4/2016,12/5/2016,First Class,BM-11140,24,774,113.79,3,0,20.4822
CA-2016-126004,12/4/2016,12/5/2016,First Class,BM-11140,24,480,78.15,1,0,34.386
CA-2016-126004,12/4/2016,12/5/2016,First Class,BM-11140,24,878,1.728,1,0.2,0.6048
CA-2016-126004,12/4/2016,12/5/2016,First Class,BM-11140,24,893,40.56,4,0,19.8744
CA-2016-126004,12/4/2016,12/5/2016,First Class,BM-11140,24,894,182.94,3,0,3.6588
CA-2016-126004,12/4/2016,12/5/2016,First Class,BM-11140,24,895,193.86,2,0,11.6316
CA-2016-124772,12/5/2016,12/6/2016,First Class,JG-15160,264,1280,191.82,3,0,74.8098
CA-2016-143749,12/5/2016,12/7/2016,First Class,AG-10300,118,1660,81.94,1,0,20.485
US-2016-114776,12/6/2016,12/7/2016,First Class,GG-14650,240,262,19.44,3,0,9.3312
CA-2016-117590,12/8/2016,12/10/2016,First Class,GH-14485,16,35,1097.544,7,0.2,123.4737
CA-2016-117590,12/8/2016,12/10/2016,First Class,GH-14485,16,36,190.92,5,0.6,-147.963
CA-2016-149503,12/9/2016,12/12/2016,First Class,SP-20650,353,1171,273.92,8,0.2,99.296
CA-2016-102092,12/9/2016,12/11/2016,First Class,PM-18940,29,1010,1056.86,7,0,158.529
CA-2016-146941,12/10/2016,12/13/2016,First Class,DL-13315,24,232,80.58,6,0,22.5624
CA-2016-146941,12/10/2016,12/13/2016,First Class,DL-13315,24,233,361.92,4,0,162.864
CA-2016-147123,12/10/2016,12/12/2016,First Class,SJ-20125,107,1080,80.28,12,0,36.9288
CA-2016-143609,12/11/2016,12/13/2016,First Class,DB-13270,41,39,403.92,5,0.2,25.245
US-2016-151260,12/11/2016,12/14/2016,First Class,SC-20695,158,10,73.536,4,0.2,9.192
CA-2016-146325,12/14/2016,12/17/2016,First Class,DS-13180,89,125,81.424,2,0.2,-9.1602
CA-2016-146325,12/14/2016,12/17/2016,First Class,DS-13180,89,148,134.8,10,0,35.048
US-2016-104794,12/16/2016,12/19/2016,First Class,KD-16495,30,808,3.68,2,0,1.8032
CA-2016-130442,12/16/2016,12/19/2016,First Class,SF-20065,578,946,34.944,3,0.2,3.0576
CA-2016-145261,12/18/2016,12/21/2016,First Class,AH-10120,161,446,45.24,4,0.7,-30.16
CA-2016-145261,12/18/2016,12/21/2016,First Class,AH-10120,161,517,18.688,4,0.2,2.336
CA-2016-145261,12/18/2016,12/21/2016,First Class,AH-10120,161,1781,11.648,2,0.2,3.7856
CA-2016-145261,12/18/2016,12/21/2016,First Class,AH-10120,161,440,112.776,3,0.2,-8.4582
CA-2016-145261,12/18/2016,12/21/2016,First Class,AH-10120,161,1010,377.45,5,0.5,-264.215
CA-2016-145261,12/18/2016,12/21/2016,First Class,AH-10120,161,1530,15.936,4,0.2,5.1792
CA-2016-145261,12/18/2016,12/21/2016,First Class,AH-10120,161,1395,28.68,3,0.2,-7.17
CA-2016-138597,12/18/2016,12/21/2016,First Class,PN-18775,199,504,563.94,3,0,112.788
CA-2016-139934,12/18/2016,12/20/2016,First Class,AY-10555,95,181,66.976,7,0.2,6.6976
CA-2016-115574,12/23/2016,12/24/2016,First Class,BP-11185,37,719,141.372,2,0.3,-14.1372
CA-2016-123526,12/24/2016,12/25/2016,First Class,BV-11245,6,486,33.4,5,0,16.032
US-2016-116729,12/25/2016,12/28/2016,First Class,GK-14620,14,891,2575.944,7,0.2,257.5944
US-2016-116729,12/25/2016,12/28/2016,First Class,GK-14620,14,515,45.36,7,0,21.7728
US-2016-116729,12/25/2016,12/28/2016,First Class,GK-14620,14,482,254.24,7,0,76.272
CA-2016-114538,12/26/2016,12/27/2016,First Class,RC-19825,98,1686,11.328,2,0.2,2.5488
CA-2016-102596,12/27/2016,12/30/2016,First Class,RD-19810,76,111,17.184,6,0.2,6.2292
CA-2016-124051,12/29/2016,12/30/2016,First Class,KA-16525,174,977,186.048,6,0.2,67.4424
CA-2016-117226,12/30/2016,1/1/2017,First Class,KD-16495,477,69,6.924,6,0.8,-10.386
CA-2016-105746,12/30/2016,1/1/2017,First Class,BD-11605,208,2,170.786,1,0.3,0
CA-2016-163951,12/30/2016,1/2/2017,First Class,CJ-11875,12,1586,16.52,5,0.2,1.652
US-2017-105830,12/31/2016,1/2/2017,First Class,DB-13660,404,1177,156.512,4,0.2,-35.2152
CA-2017-154466,1/1/2017,1/2/2017,First Class,DP-13390,57,757,3.6,2,0,1.728
CA-2017-113481,1/2/2017,1/4/2017,First Class,AS-10045,223,955,695.7,2,0.5,-27.828
CA-2017-113481,1/2/2017,1/4/2017,First Class,AS-10045,223,872,15.66,5,0.7,-12.528
CA-2017-113481,1/2/2017,1/4/2017,First Class,AS-10045,223,28,28.854,6,0.7,-21.1596
CA-2017-159366,1/7/2017,1/10/2017,First Class,BW-11110,186,157,3059.982,2,0.1,679.996
CA-2017-115154,1/8/2017,1/11/2017,First Class,RS-19420,61,1313,892.98,2,0,80.3682
CA-2017-138779,1/14/2017,1/15/2017,First Class,RB-19570,223,114,21.744,1,0.2,7.3386
CA-2017-138779,1/14/2017,1/15/2017,First Class,RB-19570,223,877,7.92,5,0.2,0.693
US-2017-106131,1/14/2017,1/16/2017,First Class,TP-21565,43,26,169.064,7,0.2,-14.7931
US-2017-106131,1/14/2017,1/16/2017,First Class,TP-21565,43,1259,168.624,9,0.2,14.7546
CA-2017-167752,1/15/2017,1/18/2017,First Class,RW-19690,64,1448,34.384,1,0.2,3.8682
CA-2017-167752,1/15/2017,1/18/2017,First Class,RW-19690,64,229,1924.16,8,0.2,312.676
US-2017-104661,1/15/2017,1/18/2017,First Class,TB-21250,111,807,32.784,4,0.8,-52.4544
US-2017-104661,1/15/2017,1/18/2017,First Class,TB-21250,111,248,47.984,2,0.2,14.3952
US-2017-104661,1/15/2017,1/18/2017,First Class,TB-21250,111,1627,62.592,8,0.2,13.3008
US-2017-104661,1/15/2017,1/18/2017,First Class,TB-21250,111,413,4.276,1,0.8,-6.6278
CA-2017-152079,1/20/2017,1/21/2017,First Class,ML-17410,156,751,11.52,5,0.2,4.176
CA-2017-145142,1/23/2017,1/25/2017,First Class,MC-17605,152,441,210.98,2,0,21.098
CA-2017-164098,1/26/2017,1/27/2017,First Class,CG-12520,33,76,18.16,2,0.2,1.816
CA-2017-145338,1/29/2017,2/1/2017,First Class,BD-11770,75,80,4.768,2,0.2,0.4768
CA-2017-157273,1/30/2017,2/2/2017,First Class,SZ-20035,60,8,604.768,4,0.2,60.4768
US-2017-164147,2/2/2017,2/5/2017,First Class,DW-13585,48,127,59.97,5,0.4,-11.994
US-2017-164147,2/2/2017,2/5/2017,First Class,DW-13585,48,128,78.304,2,0.2,29.364
US-2017-164147,2/2/2017,2/5/2017,First Class,DW-13585,48,129,21.456,9,0.2,6.9732
CA-2017-122994,2/6/2017,2/9/2017,First Class,MV-17485,102,580,359.97,3,0,79.1934
CA-2017-123659,2/10/2017,2/13/2017,First Class,MN-17935,235,1020,23.12,4,0,11.3288
CA-2017-138156,2/11/2017,2/14/2017,First Class,MM-17260,48,743,147.568,2,0.2,-3.6892
CA-2017-159149,2/17/2017,2/19/2017,First Class,CR-12820,17,422,89.0664,1,0.32,-17.0274
CA-2017-159149,2/17/2017,2/19/2017,First Class,CR-12820,17,1866,175.44,6,0.2,52.632
CA-2017-159149,2/17/2017,2/19/2017,First Class,CR-12820,17,1086,438.336,4,0.2,-87.6672
CA-2017-109085,2/17/2017,2/20/2017,First Class,CK-12325,413,1778,455.97,5,0.4,-106.393
CA-2017-109085,2/17/2017,2/20/2017,First Class,CK-12325,413,32,5.715,5,0.7,-4.7625
CA-2017-109085,2/17/2017,2/20/2017,First Class,CK-12325,413,1506,57.594,1,0.4,-11.5188
CA-2017-109085,2/17/2017,2/20/2017,First Class,CK-12325,413,1166,30.144,2,0.2,8.2896
CA-2017-109085,2/17/2017,2/20/2017,First Class,CK-12325,413,1200,899.43,5,0.3,-12.849
CA-2017-134838,2/19/2017,2/20/2017,First Class,ED-13885,63,1015,12.84,3,0,3.4668
CA-2017-134838,2/19/2017,2/20/2017,First Class,ED-13885,63,952,44.67,3,0,12.0609
CA-2017-105809,2/20/2017,2/23/2017,First Class,HW-14935,189,648,22.23,1,0,7.3359
CA-2017-105809,2/20/2017,2/23/2017,First Class,HW-14935,189,235,215.968,2,0.2,18.8972
CA-2017-155698,3/8/2017,3/11/2017,First Class,VB-21745,113,323,647.84,8,0,168.4384
CA-2017-155698,3/8/2017,3/11/2017,First Class,VB-21745,113,324,20.7,2,0,9.936
CA-2017-153843,3/13/2017,3/15/2017,First Class,SC-20380,70,1098,30.88,2,0,15.44
CA-2017-153843,3/13/2017,3/15/2017,First Class,SC-20380,70,1811,465.16,2,0,120.9416
CA-2017-153843,3/13/2017,3/15/2017,First Class,SC-20380,70,997,27.12,4,0,12.4752
CA-2017-162474,3/13/2017,3/16/2017,First Class,FH-14275,174,865,7.992,1,0.2,2.5974
CA-2017-105410,3/19/2017,3/22/2017,First Class,ND-18370,95,933,19.824,6,0.2,6.6906
CA-2017-105410,3/19/2017,3/22/2017,First Class,ND-18370,95,1086,657.504,6,0.2,-131.5008
CA-2017-105410,3/19/2017,3/22/2017,First Class,ND-18370,95,101,99.54,2,0,10.9494
CA-2017-105410,3/19/2017,3/22/2017,First Class,ND-18370,95,1146,199.96,4,0,85.9828
CA-2017-166499,3/19/2017,3/20/2017,First Class,VG-21805,101,1730,8.94,3,0,2.4138
CA-2017-155985,3/23/2017,3/25/2017,First Class,BE-11335,35,1103,211.84,8,0,76.2624
CA-2017-120719,3/23/2017,3/26/2017,First Class,SJ-20125,60,535,34.76,5,0.2,11.297
CA-2017-140151,3/23/2017,3/25/2017,First Class,RB-19360,61,726,32.48,2,0,4.872
CA-2017-140151,3/23/2017,3/25/2017,First Class,RB-19360,61,486,20.04,3,0,9.6192
CA-2017-140151,3/23/2017,3/25/2017,First Class,RB-19360,61,1406,13999.96,4,0,6719.9808
CA-2017-166184,3/24/2017,3/27/2017,First Class,HR-14830,46,1375,47.01,3,0,22.0947
CA-2017-166184,3/24/2017,3/27/2017,First Class,HR-14830,46,1158,469.99,1,0,136.2971
CA-2017-166184,3/24/2017,3/27/2017,First Class,HR-14830,46,392,207.846,3,0.1,2.3094
US-2017-117534,3/25/2017,3/26/2017,First Class,CV-12295,254,1340,176.04,4,0,45.7704
US-2017-117534,3/25/2017,3/26/2017,First Class,CV-12295,254,1341,16.02,9,0,4.4856
US-2017-117534,3/25/2017,3/26/2017,First Class,CV-12295,254,928,185.92,4,0.2,62.748
US-2017-117534,3/25/2017,3/26/2017,First Class,CV-12295,254,1342,211.168,4,0.2,15.8376
US-2017-117534,3/25/2017,3/26/2017,First Class,CV-12295,254,1343,479.984,2,0.2,59.998
US-2017-121251,3/26/2017,3/27/2017,First Class,GM-14440,30,1173,257.568,2,0.2,-28.9764
US-2017-121251,3/26/2017,3/27/2017,First Class,GM-14440,30,175,119.96,4,0,33.5888
CA-2017-147144,3/26/2017,3/28/2017,First Class,MZ-17335,60,1671,19.83,1,0,5.949
US-2017-147886,3/28/2017,3/31/2017,First Class,DH-13075,262,1669,12.96,2,0,6.3504
US-2017-147886,3/28/2017,3/31/2017,First Class,DH-13075,262,756,26.48,1,0,10.0624
US-2017-147886,3/28/2017,3/31/2017,First Class,DH-13075,262,1104,532.72,2,0.2,53.272
US-2017-147886,3/28/2017,3/31/2017,First Class,DH-13075,262,658,26.72,4,0,12.8256
US-2017-147886,3/28/2017,3/31/2017,First Class,DH-13075,262,584,20.04,3,0,9.6192
US-2017-147886,3/28/2017,3/31/2017,First Class,DH-13075,262,421,795.48,7,0,7.9548
US-2017-147886,3/28/2017,3/31/2017,First Class,DH-13075,262,1410,21.56,7,0,6.8992
CA-2017-113474,3/30/2017,3/31/2017,First Class,TM-21490,337,1702,325.86,2,0,149.8956
CA-2017-144680,3/31/2017,4/2/2017,First Class,SC-20260,175,737,33.62,5,0.8,-90.774
CA-2017-149881,4/1/2017,4/3/2017,First Class,NC-18535,95,1666,482.664,8,0.15,85.176
CA-2017-149881,4/1/2017,4/3/2017,First Class,NC-18535,95,1519,4799.984,2,0.2,359.9988
CA-2017-129028,4/1/2017,4/3/2017,First Class,GB-14530,330,102,127.95,3,0,21.7515
CA-2017-121419,4/2/2017,4/4/2017,First Class,TC-21475,113,122,411.8,2,0,70.006
CA-2017-121419,4/2/2017,4/4/2017,First Class,TC-21475,113,295,360,4,0,129.6
CA-2017-106355,4/2/2017,4/5/2017,First Class,AT-10435,317,22,11.12,4,0,2.8912
CA-2017-127264,4/3/2017,4/5/2017,First Class,SA-20830,156,428,7.056,3,0.2,2.205
CA-2017-144848,4/4/2017,4/5/2017,First Class,DS-13030,30,1816,41.22,1,0,11.1294
CA-2017-144848,4/4/2017,4/5/2017,First Class,DS-13030,30,264,240.37,1,0,7.2111
CA-2017-144848,4/4/2017,4/5/2017,First Class,DS-13030,30,481,119.02,2,0,33.3256
CA-2017-140536,4/4/2017,4/5/2017,First Class,TA-21385,46,831,7.04,4,0,2.0416
CA-2017-135279,4/9/2017,4/11/2017,First Class,BS-11800,165,752,9.82,2,0,4.8118
CA-2017-135279,4/9/2017,4/11/2017,First Class,BS-11800,165,372,35.97,3,0,9.7119
CA-2017-135279,4/9/2017,4/11/2017,First Class,BS-11800,165,753,12.96,2,0,6.2208
CA-2017-135279,4/9/2017,4/11/2017,First Class,BS-11800,165,754,191.6,4,0,91.968
CA-2017-135279,4/9/2017,4/11/2017,First Class,BS-11800,165,751,8.64,3,0,4.2336
CA-2017-135279,4/9/2017,4/11/2017,First Class,BS-11800,165,755,501.81,3,0,0
CA-2017-122154,4/9/2017,4/11/2017,First Class,SA-20830,134,927,15.12,3,0.2,4.914
CA-2017-122154,4/9/2017,4/11/2017,First Class,SA-20830,134,928,17.43,1,0.7,-13.363
CA-2017-122154,4/9/2017,4/11/2017,First Class,SA-20830,134,929,251.64,3,0.2,88.074
CA-2017-155460,4/13/2017,4/15/2017,First Class,RW-19630,60,220,5.28,1,0,2.376
CA-2017-155460,4/13/2017,4/15/2017,First Class,RW-19630,60,1199,895.92,5,0.2,302.373
CA-2017-144932,4/14/2017,4/17/2017,First Class,AB-10165,214,492,14.592,3,0.2,2.5536
CA-2017-144932,4/14/2017,4/17/2017,First Class,AB-10165,214,732,89.856,3,0.2,21.3408
CA-2017-144932,4/14/2017,4/17/2017,First Class,AB-10165,214,615,13.872,3,0.2,5.0286
CA-2017-159604,4/14/2017,4/15/2017,First Class,CL-12700,335,238,8.76,2,0,4.2048
CA-2017-126774,4/15/2017,4/17/2017,First Class,SH-20395,102,284,4.89,1,0,2.0049
CA-2017-118857,4/15/2017,4/18/2017,First Class,AH-10075,321,802,196.45,5,0,70.722
CA-2017-161851,4/15/2017,4/17/2017,First Class,BP-11095,124,1487,15.57,3,0.7,-11.937
CA-2017-122707,4/16/2017,4/18/2017,First Class,EB-13750,406,1440,477.24,4,0,9.5448
CA-2017-122707,4/16/2017,4/18/2017,First Class,EB-13750,406,1441,25.98,2,0,1.5588
CA-2017-119389,4/17/2017,4/19/2017,First Class,BG-11740,75,1281,60.312,3,0.2,5.2773
CA-2017-151484,4/20/2017,4/23/2017,First Class,CV-12805,75,1435,51.968,2,0.2,10.3936
CA-2017-151484,4/20/2017,4/23/2017,First Class,CV-12805,75,81,51.336,3,0.2,5.7753
CA-2017-151484,4/20/2017,4/23/2017,First Class,CV-12805,75,406,332.704,1,0.2,33.2704
CA-2017-151484,4/20/2017,4/23/2017,First Class,CV-12805,75,1398,42.408,3,0.2,9.5418
US-2017-166324,4/20/2017,4/21/2017,First Class,BE-11455,178,1255,848.544,4,0.2,-21.2136
US-2017-166324,4/20/2017,4/21/2017,First Class,BE-11455,178,1478,8.7,5,0.7,-6.38
US-2017-166324,4/20/2017,4/21/2017,First Class,BE-11455,178,1820,122.382,3,0.4,-24.4764
CA-2017-166198,4/21/2017,4/24/2017,First Class,JW-15955,6,1602,11.54,1,0,3.462
CA-2017-166198,4/21/2017,4/24/2017,First Class,JW-15955,6,804,162.6,3,0,34.146
CA-2017-128853,4/21/2017,4/23/2017,First Class,JM-15250,309,39,908.82,9,0,227.205
CA-2017-140802,4/21/2017,4/23/2017,First Class,KN-16390,33,85,47.976,3,0.2,8.3958
CA-2017-140802,4/21/2017,4/23/2017,First Class,KN-16390,33,1504,20.736,4,0.2,7.2576
CA-2017-135783,4/22/2017,4/24/2017,First Class,GM-14440,35,651,18.28,2,0,6.2152
CA-2017-104010,4/23/2017,4/25/2017,First Class,TD-20995,165,135,54.9,5,0,15.372
CA-2017-157112,4/23/2017,4/26/2017,First Class,GG-14650,48,464,11.76,5,0.7,-7.84
CA-2017-157112,4/23/2017,4/26/2017,First Class,GG-14650,48,130,5.344,1,0.2,1.8704
CA-2017-101700,4/23/2017,4/26/2017,First Class,SO-20335,609,1050,18.688,2,0.2,7.008
CA-2017-101700,4/23/2017,4/26/2017,First Class,SO-20335,609,1750,11.664,3,0.2,3.3534
CA-2017-149489,4/24/2017,4/27/2017,First Class,DK-12835,106,1105,99.28,2,0.2,12.41
CA-2017-149489,4/24/2017,4/27/2017,First Class,DK-12835,106,930,1.188,2,0.7,-0.99
CA-2017-149489,4/24/2017,4/27/2017,First Class,DK-12835,106,1106,7.518,2,0.7,-5.7638
CA-2017-116953,4/24/2017,4/25/2017,First Class,SV-20935,155,304,552,10,0.2,34.5
US-2017-128832,4/24/2017,4/27/2017,First Class,LS-16945,260,1077,69.98,2,0,4.8986
CA-2017-132213,4/25/2017,4/26/2017,First Class,PN-18775,396,517,42.048,9,0.2,5.256
CA-2017-132213,4/25/2017,4/26/2017,First Class,PN-18775,396,209,67.92,5,0.2,6.792
CA-2017-160045,4/26/2017,4/27/2017,First Class,LB-16735,7,532,1.988,1,0.6,-1.4413
CA-2017-168228,4/27/2017,4/29/2017,First Class,AP-10915,63,292,123.92,4,0,33.4584
CA-2017-168228,4/27/2017,4/29/2017,First Class,AP-10915,63,106,12.39,3,0,5.6994
CA-2017-168228,4/27/2017,4/29/2017,First Class,AP-10915,63,1585,47.3,2,0,12.298
US-2017-107636,4/30/2017,5/2/2017,First Class,NM-18520,114,1703,5.76,2,0,2.8224
CA-2017-110198,5/1/2017,5/2/2017,First Class,AG-10900,250,1,314.352,3,0.2,-15.7176
CA-2017-110198,5/1/2017,5/2/2017,First Class,AG-10900,250,1595,4.608,2,0.2,1.4976
CA-2017-105991,5/5/2017,5/6/2017,First Class,LH-17020,128,112,21.24,9,0.2,7.434
CA-2017-105991,5/5/2017,5/6/2017,First Class,LH-17020,128,123,9.552,8,0.7,-7.3232
CA-2017-105991,5/5/2017,5/6/2017,First Class,LH-17020,128,907,89.991,3,0.7,-152.9847
CA-2017-167668,5/6/2017,5/8/2017,First Class,TC-21295,46,200,59.2,4,0,29.6
CA-2017-156769,5/6/2017,5/9/2017,First Class,GZ-14470,102,1610,54.66,6,0,18.0378
CA-2017-134810,5/9/2017,5/10/2017,First Class,MC-17605,223,114,65.232,3,0.2,22.0158
CA-2017-134810,5/9/2017,5/10/2017,First Class,MC-17605,223,874,207,3,0.2,25.875
CA-2017-118199,5/9/2017,5/11/2017,First Class,LB-16795,60,812,147.92,5,0.2,46.225
CA-2017-118199,5/9/2017,5/11/2017,First Class,LB-16795,60,55,104.28,3,0,26.07
CA-2017-118199,5/9/2017,5/11/2017,First Class,LB-16795,60,744,286.85,1,0,63.107
CA-2017-118199,5/9/2017,5/11/2017,First Class,LB-16795,60,1796,66.96,4,0,2.6784
CA-2017-118199,5/9/2017,5/11/2017,First Class,LB-16795,60,1352,199.98,2,0,87.9912
US-2017-139647,5/11/2017,5/13/2017,First Class,TS-21370,52,907,209.979,7,0.7,-356.9643
CA-2017-161774,5/14/2017,5/15/2017,First Class,GT-14710,17,1200,899.43,5,0.3,-12.849
CA-2017-161774,5/14/2017,5/15/2017,First Class,GT-14710,17,1186,46.2,5,0.2,5.775
CA-2017-161774,5/14/2017,5/15/2017,First Class,GT-14710,17,1818,47.952,3,0.2,16.1838
CA-2017-161774,5/14/2017,5/15/2017,First Class,GT-14710,17,1582,7.992,1,0.2,0.6993
CA-2017-161774,5/14/2017,5/15/2017,First Class,GT-14710,17,1712,76.864,2,0.2,26.9024
US-2017-133361,5/14/2017,5/17/2017,First Class,AJ-10780,309,876,3.76,2,0,1.0904
US-2017-133361,5/14/2017,5/17/2017,First Class,AJ-10780,309,428,14.7,5,0,6.615
US-2017-133361,5/14/2017,5/17/2017,First Class,AJ-10780,309,1473,37.2,5,0,9.3
US-2017-133361,5/14/2017,5/17/2017,First Class,AJ-10780,309,1058,89.97,3,0,18.8937
US-2017-133361,5/14/2017,5/17/2017,First Class,AJ-10780,309,1612,261.96,2,0,23.5764
US-2017-133361,5/14/2017,5/17/2017,First Class,AJ-10780,309,200,74,5,0,37
CA-2017-166576,5/16/2017,5/18/2017,First Class,JM-15865,76,951,221.024,2,0.2,-55.256
CA-2017-159464,5/18/2017,5/19/2017,First Class,TB-21355,495,23,17.24,2,0,4.4824
CA-2017-159464,5/18/2017,5/19/2017,First Class,TB-21355,495,1687,302.94,3,0,75.735
CA-2017-159464,5/18/2017,5/19/2017,First Class,TB-21355,495,1102,34.75,5,0,15.6375
CA-2017-159464,5/18/2017,5/19/2017,First Class,TB-21355,495,415,113.94,6,0,54.6912
CA-2017-159464,5/18/2017,5/19/2017,First Class,TB-21355,495,1501,55.98,2,0,15.6744
CA-2017-121643,5/18/2017,5/20/2017,First Class,AB-10105,41,1514,344.704,2,0.2,38.7792
US-2017-151127,5/22/2017,5/25/2017,First Class,RL-19615,14,1686,49.56,7,0,18.8328
CA-2017-123687,5/26/2017,5/29/2017,First Class,KC-16675,176,1739,208.44,3,0,62.532
CA-2017-123687,5/26/2017,5/29/2017,First Class,KC-16675,176,510,25.76,2,0,0.7728
US-2017-116897,5/27/2017,5/29/2017,First Class,JG-15160,544,1477,35,4,0,14.7
US-2017-116897,5/27/2017,5/29/2017,First Class,JG-15160,544,627,477.15,5,0,28.629
US-2017-116897,5/27/2017,5/29/2017,First Class,JG-15160,544,1463,302.376,3,0.2,22.6782
CA-2017-125472,5/30/2017,5/31/2017,First Class,BD-11725,300,1130,241.96,2,0,33.8744
CA-2017-125472,5/30/2017,5/31/2017,First Class,BD-11725,300,1075,3.89,1,0,1.8672
CA-2017-125472,5/30/2017,5/31/2017,First Class,BD-11725,300,1592,8.01,3,0,3.0438
CA-2017-106831,6/1/2017,6/3/2017,First Class,FH-14350,83,866,3.798,2,0.7,-2.6586
CA-2017-106831,6/1/2017,6/3/2017,First Class,FH-14350,83,882,27.744,6,0.2,10.0572
CA-2017-106831,6/1/2017,6/3/2017,First Class,FH-14350,83,196,158.376,4,0.4,-34.3148
CA-2017-126788,6/5/2017,6/6/2017,First Class,AB-10105,436,1630,470.376,3,0.2,52.9173
US-2017-109316,6/8/2017,6/10/2017,First Class,MG-17680,14,27,1497.666,2,0.15,140.9568
US-2017-109316,6/8/2017,6/10/2017,First Class,MG-17680,14,857,17.52,2,0.2,-3.504
CA-2017-100951,6/9/2017,6/10/2017,First Class,NC-18625,163,740,720.76,5,0.2,54.057
CA-2017-140963,6/10/2017,6/13/2017,First Class,MT-18070,63,432,29.6,2,0,14.8
CA-2017-140963,6/10/2017,6/13/2017,First Class,MT-18070,63,433,514.165,5,0.15,-30.245
CA-2017-140963,6/10/2017,6/13/2017,First Class,MT-18070,63,434,279.96,5,0.2,17.4975
CA-2017-143343,6/10/2017,6/13/2017,First Class,BW-11200,4,843,16.4,5,0,4.756
US-2017-120418,6/11/2017,6/12/2017,First Class,BC-11125,346,660,280.792,1,0.2,35.099
US-2017-120418,6/11/2017,6/12/2017,First Class,BC-11125,346,81,68.448,4,0.2,7.7004
US-2017-120418,6/11/2017,6/12/2017,First Class,BC-11125,346,672,88.04,5,0.2,6.603
US-2017-120418,6/11/2017,6/12/2017,First Class,BC-11125,346,1051,15.872,1,0.2,1.984
US-2017-120418,6/11/2017,6/12/2017,First Class,BC-11125,346,438,215.592,3,0.2,-48.5082
CA-2017-141481,6/11/2017,6/14/2017,First Class,ZD-21925,2,570,61.44,3,0,16.5888
CA-2017-102337,6/13/2017,6/16/2017,First Class,SD-20485,156,234,164.736,4,0.2,-39.1248
CA-2017-102337,6/13/2017,6/16/2017,First Class,SD-20485,156,1002,470.302,7,0.3,-87.3418
CA-2017-102337,6/13/2017,6/16/2017,First Class,SD-20485,156,1003,47.984,2,0.2,5.998
CA-2017-169691,6/15/2017,6/18/2017,First Class,Dp-13240,433,585,44.4,3,0,22.2
CA-2017-169691,6/15/2017,6/18/2017,First Class,Dp-13240,433,1046,84.55,5,0,22.8285
CA-2017-169691,6/15/2017,6/18/2017,First Class,Dp-13240,433,1693,17.94,3,0,8.7906
CA-2017-105214,6/16/2017,6/19/2017,First Class,TS-21610,35,380,1212.96,7,0.2,90.972
CA-2017-105214,6/16/2017,6/19/2017,First Class,TS-21610,35,1300,18.54,2,0,8.7138
CA-2017-157833,6/17/2017,6/20/2017,First Class,KD-16345,35,95,51.312,3,0.2,17.9592
CA-2017-131618,6/17/2017,6/20/2017,First Class,LS-17200,302,834,12.224,2,0.2,4.4312
CA-2017-131618,6/17/2017,6/20/2017,First Class,LS-17200,302,620,2.304,4,0.8,-3.5712
CA-2017-131618,6/17/2017,6/20/2017,First Class,LS-17200,302,679,9.36,4,0.8,-16.38
CA-2017-146346,6/17/2017,6/20/2017,First Class,RA-19945,574,894,146.352,3,0.2,-32.9292
CA-2017-151218,6/20/2017,6/23/2017,First Class,PJ-19015,124,1447,4.464,1,0.2,0.3348
US-2017-133781,6/22/2017,6/23/2017,First Class,DC-12850,329,1375,37.608,3,0.2,12.6927
CA-2017-133256,6/26/2017,6/27/2017,First Class,TH-21550,84,708,4.54,1,0,2.043
CA-2017-133256,6/26/2017,6/27/2017,First Class,TH-21550,84,709,15.92,4,0,5.4128
CA-2017-133256,6/26/2017,6/27/2017,First Class,TH-21550,84,710,543.92,8,0,135.98
CA-2017-138149,6/29/2017,6/30/2017,First Class,WB-21850,14,1199,895.92,5,0.2,302.373
CA-2017-138149,6/29/2017,6/30/2017,First Class,WB-21850,14,124,130.71,3,0,39.213
CA-2017-138149,6/29/2017,6/30/2017,First Class,WB-21850,14,816,11.68,2,0,3.0368
CA-2017-138149,6/29/2017,6/30/2017,First Class,WB-21850,14,1207,62.31,3,0,22.4316
CA-2017-143574,6/29/2017,7/2/2017,First Class,DR-12880,546,1553,638.82,9,0,185.2578
CA-2017-143574,6/29/2017,7/2/2017,First Class,DR-12880,546,688,30.69,3,0,7.9794
CA-2017-143574,6/29/2017,7/2/2017,First Class,DR-12880,546,990,25.16,2,0,8.5544
CA-2017-137449,6/29/2017,6/30/2017,First Class,ME-17725,78,656,21.392,2,0.8,-54.5496
CA-2017-137449,6/29/2017,6/30/2017,First Class,ME-17725,78,1224,307.314,3,0.3,-39.5118
CA-2017-137449,6/29/2017,6/30/2017,First Class,ME-17725,78,1349,409.9992,3,0.32,-96.4704
CA-2017-107958,7/2/2017,7/5/2017,First Class,AH-10120,67,450,163.96,5,0.2,59.4355
CA-2017-107958,7/2/2017,7/5/2017,First Class,AH-10120,67,1526,5.232,4,0.8,-8.1096
CA-2017-124828,7/3/2017,7/4/2017,First Class,YS-21880,180,183,9.552,3,0.2,1.5522
CA-2017-106747,7/3/2017,7/4/2017,First Class,TS-21505,209,749,102.3,1,0,26.598
CA-2017-104388,7/5/2017,7/7/2017,First Class,DK-12835,11,127,79.96,4,0,22.3888
US-2017-169551,7/7/2017,7/9/2017,First Class,RL-19615,75,678,87.21,3,0.5,-45.3492
US-2017-169551,7/7/2017,7/9/2017,First Class,RL-19615,75,262,15.552,3,0.2,5.4432
US-2017-169551,7/7/2017,7/9/2017,First Class,RL-19615,75,435,683.988,2,0.4,-113.998
US-2017-169551,7/7/2017,7/9/2017,First Class,RL-19615,75,1447,13.392,3,0.2,1.0044
US-2017-169551,7/7/2017,7/9/2017,First Class,RL-19615,75,1723,16.776,3,0.2,4.8231
US-2017-169551,7/7/2017,7/9/2017,First Class,RL-19615,75,771,527.92,2,0.2,85.787
CA-2017-133249,7/8/2017,7/11/2017,First Class,SZ-20035,267,289,145.9,5,0,62.737
CA-2017-150189,7/8/2017,7/10/2017,First Class,VG-21790,437,50,75.18,6,0,35.3346
CA-2017-115651,7/9/2017,7/12/2017,First Class,NS-18640,27,797,8.84,5,0.2,2.9835
CA-2017-115651,7/9/2017,7/12/2017,First Class,NS-18640,27,798,58.464,9,0.8,-146.16
US-2017-128951,7/15/2017,7/17/2017,First Class,RS-19420,304,817,179.94,3,0,50.3832
US-2017-128951,7/15/2017,7/17/2017,First Class,RS-19420,304,311,872.94,3,0,157.1292
US-2017-128951,7/15/2017,7/17/2017,First Class,RS-19420,304,90,12.96,2,0,6.2208
CA-2017-118346,7/23/2017,7/24/2017,First Class,PO-19180,310,1116,399.95,5,0,143.982
CA-2017-133718,7/23/2017,7/26/2017,First Class,TB-21520,63,866,15.192,3,0.2,5.5071
CA-2017-133718,7/23/2017,7/26/2017,First Class,TB-21520,63,1087,58.32,9,0,27.9936
CA-2017-167549,7/25/2017,7/27/2017,First Class,EM-14200,163,1180,298.116,6,0.3,-4.2588
CA-2017-155740,7/30/2017,8/2/2017,First Class,TC-21475,347,675,76.776,4,0.7,-53.7432
CA-2017-161102,7/31/2017,8/3/2017,First Class,EC-14050,95,87,56.56,2,0,15.2712
CA-2017-161102,7/31/2017,8/3/2017,First Class,EC-14050,95,1237,36.96,7,0,11.4576
CA-2017-135034,8/1/2017,8/3/2017,First Class,AT-10735,156,162,95.984,2,0.2,5.999
CA-2017-133235,8/1/2017,8/4/2017,First Class,LH-16750,44,710,271.96,5,0.2,16.9975
CA-2017-165386,8/3/2017,8/4/2017,First Class,CM-12190,37,1230,183.372,2,0.3,-36.6744
CA-2017-163566,8/3/2017,8/6/2017,First Class,TB-21055,324,623,16.52,5,0.2,5.369
CA-2017-132738,8/4/2017,8/7/2017,First Class,HM-14860,523,1401,7.968,2,0.2,2.8884
CA-2017-132738,8/4/2017,8/7/2017,First Class,HM-14860,523,604,8.784,1,0.2,3.1842
CA-2017-117695,8/5/2017,8/8/2017,First Class,PW-19030,127,322,13.76,2,0,6.3296
CA-2017-154676,8/5/2017,8/8/2017,First Class,NZ-18565,33,1233,151.056,9,0.2,7.5528
CA-2017-110821,8/7/2017,8/8/2017,First Class,CK-12205,177,101,119.448,3,0.2,-13.4379
CA-2017-110821,8/7/2017,8/8/2017,First Class,CK-12205,177,237,118.16,2,0.2,-25.109
CA-2017-139311,8/11/2017,8/13/2017,First Class,SF-20965,472,1300,29.664,4,0.2,10.0116
CA-2017-139311,8/11/2017,8/13/2017,First Class,SF-20965,472,1210,9.184,7,0.2,2.87
CA-2017-139311,8/11/2017,8/13/2017,First Class,SF-20965,472,670,153.584,2,0.2,13.4386
CA-2017-139311,8/11/2017,8/13/2017,First Class,SF-20965,472,1243,12.864,8,0.8,-22.512
CA-2017-158169,8/12/2017,8/15/2017,First Class,JM-16195,548,1118,542.94,3,0,152.0232
CA-2017-158169,8/12/2017,8/15/2017,First Class,JM-16195,548,1011,54.92,4,0,19.7712
US-2017-111423,8/17/2017,8/19/2017,First Class,EH-13765,291,1199,895.92,5,0.2,302.373
US-2017-111423,8/17/2017,8/19/2017,First Class,EH-13765,291,1200,462.564,2,0.1,97.6524
US-2017-109253,8/21/2017,8/22/2017,First Class,PR-18880,233,793,17.12,4,0,4.9648
US-2017-109253,8/21/2017,8/22/2017,First Class,PR-18880,233,529,431.968,4,0.2,37.7972
US-2017-109253,8/21/2017,8/22/2017,First Class,PR-18880,233,1547,129.92,4,0,10.3936
US-2017-109253,8/21/2017,8/22/2017,First Class,PR-18880,233,11,568.728,3,0.2,28.4364
US-2017-109253,8/21/2017,8/22/2017,First Class,PR-18880,233,1548,117.144,9,0.2,42.4647
US-2017-109253,8/21/2017,8/22/2017,First Class,PR-18880,233,1549,203.52,3,0,54.9504
US-2017-109253,8/21/2017,8/22/2017,First Class,PR-18880,233,324,51.75,5,0,24.84
CA-2017-131037,8/22/2017,8/23/2017,First Class,TM-21490,95,115,210.008,1,0.2,2.6251
US-2017-132381,8/22/2017,8/24/2017,First Class,Dp-13240,106,742,314.532,2,0.4,-83.8752
US-2017-105697,8/25/2017,8/27/2017,First Class,JE-15715,178,1240,25.696,2,0.2,1.9272
CA-2017-132584,8/26/2017,8/27/2017,First Class,HJ-14875,152,1041,53.72,4,0,13.9672
US-2017-139465,8/27/2017,8/30/2017,First Class,MR-17545,24,869,63.84,8,0,16.5984
US-2017-139465,8/27/2017,8/30/2017,First Class,MR-17545,24,1144,347.97,3,0,100.9113
US-2017-139465,8/27/2017,8/30/2017,First Class,MR-17545,24,9,37.008,6,0.2,11.565
CA-2017-155047,8/27/2017,8/30/2017,First Class,SE-20110,78,1473,5.952,1,0.2,0.372
US-2017-162208,8/27/2017,8/30/2017,First Class,SP-20620,86,137,2.896,1,0.2,0.9774
CA-2017-144064,8/29/2017,9/1/2017,First Class,CP-12085,117,200,47.36,4,0.2,17.76
CA-2017-144064,8/29/2017,9/1/2017,First Class,CP-12085,117,460,27.44,2,0.2,2.401
CA-2017-144064,8/29/2017,9/1/2017,First Class,CP-12085,117,757,3.24,9,0.8,-5.184
CA-2017-101182,9/4/2017,9/5/2017,First Class,KB-16405,431,591,12.96,2,0,6.2208
CA-2017-101182,9/4/2017,9/5/2017,First Class,KB-16405,431,838,43.176,3,0.2,15.1116
CA-2017-140326,9/4/2017,9/6/2017,First Class,HW-14935,156,1568,825.174,9,0.3,-117.882
CA-2017-140326,9/4/2017,9/6/2017,First Class,HW-14935,156,965,17.76,3,0.2,5.55
CA-2017-140326,9/4/2017,9/6/2017,First Class,HW-14935,156,132,6.912,3,0.2,0.864
US-2017-147655,9/4/2017,9/5/2017,First Class,AS-10045,314,741,88.074,7,0.7,-58.716
CA-2017-107293,9/5/2017,9/6/2017,First Class,CS-12400,61,326,2.78,1,0,0.7228
CA-2017-163692,9/7/2017,9/9/2017,First Class,Dp-13240,52,45,7.857,3,0.7,-6.0237
CA-2017-151008,9/7/2017,9/8/2017,First Class,JM-16195,541,1626,25.16,2,0,10.5672
CA-2017-151008,9/7/2017,9/8/2017,First Class,JM-16195,541,1267,126.56,4,0.2,47.46
US-2017-130687,9/7/2017,9/10/2017,First Class,PF-19225,200,1681,80.96,4,0,34.8128
US-2017-130687,9/7/2017,9/10/2017,First Class,PF-19225,200,12,455.712,2,0.2,34.1784
US-2017-130687,9/7/2017,9/10/2017,First Class,PF-19225,200,1524,25.98,1,0,7.2744
US-2017-169488,9/7/2017,9/9/2017,First Class,AA-10375,260,947,16.9,5,0,7.774
US-2017-169488,9/7/2017,9/9/2017,First Class,AA-10375,260,371,39.96,2,0,18.7812
US-2017-124779,9/8/2017,9/11/2017,First Class,BF-11020,175,476,42.616,7,0.8,-68.1856
US-2017-124779,9/8/2017,9/11/2017,First Class,BF-11020,175,1715,319.984,2,0.2,107.9946
US-2017-124779,9/8/2017,9/11/2017,First Class,BF-11020,175,273,45.92,5,0.2,15.498
US-2017-124779,9/8/2017,9/11/2017,First Class,BF-11020,175,756,21.184,2,0.6,-11.6512
US-2017-124779,9/8/2017,9/11/2017,First Class,BF-11020,175,182,20.736,4,0.2,7.2576
US-2017-124779,9/8/2017,9/11/2017,First Class,BF-11020,175,1557,213.43,5,0.3,-39.637
CA-2017-144456,9/8/2017,9/9/2017,First Class,FC-14245,187,424,61.68,5,0.2,5.397
CA-2017-144456,9/8/2017,9/9/2017,First Class,FC-14245,187,994,158.376,3,0.2,13.8579
CA-2017-152198,9/9/2017,9/10/2017,First Class,JD-16015,214,1150,17.712,6,0.2,5.9778
CA-2017-152198,9/9/2017,9/10/2017,First Class,JD-16015,214,813,4.86,3,0.7,-3.564
CA-2017-152198,9/9/2017,9/10/2017,First Class,JD-16015,214,1135,6.258,2,0.7,-5.215
CA-2017-126438,9/10/2017,9/13/2017,First Class,AR-10345,129,1473,14.88,2,0,3.72
CA-2017-147403,9/10/2017,9/13/2017,First Class,KH-16630,76,1763,85.056,3,0.2,28.7064
CA-2017-112774,9/11/2017,9/12/2017,First Class,RC-19960,134,489,34.504,1,0.2,6.0382
CA-2017-103611,9/12/2017,9/15/2017,First Class,JM-15535,2,1016,8.36,2,0,3.0096
CA-2017-140676,9/12/2017,9/15/2017,First Class,BF-11080,309,228,39.9,5,0,19.95
CA-2017-140676,9/12/2017,9/15/2017,First Class,BF-11080,309,96,90.86,7,0,26.3494
CA-2017-140676,9/12/2017,9/15/2017,First Class,BF-11080,309,276,94.85,5,0,45.528
CA-2017-108749,9/12/2017,9/15/2017,First Class,DJ-13510,470,1752,45.36,7,0,21.7728
CA-2017-108749,9/12/2017,9/15/2017,First Class,DJ-13510,470,792,45.78,3,0,22.89
CA-2017-156237,9/14/2017,9/15/2017,First Class,PS-18760,12,631,3.882,2,0.7,-2.588
CA-2017-156237,9/14/2017,9/15/2017,First Class,PS-18760,12,1827,12.585,1,0.7,-18.0385
CA-2017-156237,9/14/2017,9/15/2017,First Class,PS-18760,12,397,113.372,2,0.3,-29.1528
CA-2017-156237,9/14/2017,9/15/2017,First Class,PS-18760,12,792,18.312,4,0.7,-12.208
CA-2017-156237,9/14/2017,9/15/2017,First Class,PS-18760,12,1834,127.936,8,0.2,4.7976
CA-2017-156237,9/14/2017,9/15/2017,First Class,PS-18760,12,346,241.17,2,0.7,-168.819
CA-2017-115882,9/14/2017,9/17/2017,First Class,DB-13555,315,1229,942.784,4,0.2,94.2784
CA-2017-115882,9/14/2017,9/17/2017,First Class,DB-13555,315,1040,74.352,3,0.2,23.235
CA-2017-152975,9/14/2017,9/16/2017,First Class,RB-19705,46,915,1079.85,3,0,323.955
CA-2017-152975,9/14/2017,9/16/2017,First Class,RB-19705,46,1053,70.98,1,0,3.549
CA-2017-152975,9/14/2017,9/16/2017,First Class,RB-19705,46,764,29.95,5,0,8.6855
CA-2017-152975,9/14/2017,9/16/2017,First Class,RB-19705,46,1612,589.41,5,0.1,-6.549
CA-2017-132353,9/15/2017,9/17/2017,First Class,DB-13060,156,151,323.976,3,0.2,20.2485
CA-2017-118136,9/16/2017,9/17/2017,First Class,BB-10990,96,251,8.82,2,0,4.0572
CA-2017-118136,9/16/2017,9/17/2017,First Class,BB-10990,96,252,5.98,1,0,1.5548
CA-2017-136448,9/16/2017,9/18/2017,First Class,AS-10090,106,1026,71.976,3,0.2,19.7934
CA-2017-136448,9/16/2017,9/18/2017,First Class,AS-10090,106,1461,22.512,3,0.2,2.2512
CA-2017-136448,9/16/2017,9/18/2017,First Class,AS-10090,106,1223,3.444,2,0.7,-2.7552
CA-2017-136448,9/16/2017,9/18/2017,First Class,AS-10090,106,1187,538.194,2,0.7,-412.6154
CA-2017-136448,9/16/2017,9/18/2017,First Class,AS-10090,106,248,47.984,2,0.2,14.3952
CA-2017-142293,9/17/2017,9/20/2017,First Class,SC-20380,481,1026,89.97,3,0,37.7874
CA-2017-131016,9/18/2017,9/20/2017,First Class,DC-12850,175,313,8.928,2,0.2,0.558
CA-2017-131016,9/18/2017,9/20/2017,First Class,DC-12850,175,1079,47.584,2,0.2,-2.974
CA-2017-140508,9/18/2017,9/21/2017,First Class,PA-19060,78,82,114.848,4,0.2,35.89
CA-2017-132262,9/21/2017,9/23/2017,First Class,ML-18265,6,359,71.98,2,0,15.1158
CA-2017-132262,9/21/2017,9/23/2017,First Class,ML-18265,6,437,79.98,2,0,26.3934
CA-2017-165155,9/21/2017,9/23/2017,First Class,BM-11575,63,1554,15.51,1,0,3.8775
CA-2017-161053,9/22/2017,9/23/2017,First Class,JE-15745,146,1619,691.96,4,0,318.3016
CA-2017-161053,9/22/2017,9/23/2017,First Class,JE-15745,146,61,34.95,5,0,15.378
CA-2017-122196,9/22/2017,9/24/2017,First Class,CA-12265,50,35,391.98,2,0,113.6742
CA-2017-138422,9/23/2017,9/26/2017,First Class,KN-16705,377,1317,14.352,3,0.2,5.2026
CA-2017-121314,9/23/2017,9/26/2017,First Class,BE-11410,329,662,251.64,3,0.2,88.074
CA-2017-103520,9/23/2017,9/25/2017,First Class,MH-17785,339,1861,9.248,2,0.2,3.3524
CA-2017-163335,9/24/2017,9/27/2017,First Class,AG-10675,113,1706,40.29,3,0,10.0725
CA-2017-163335,9/24/2017,9/27/2017,First Class,AG-10675,113,560,38.71,7,0,17.8066
CA-2017-148411,9/24/2017,9/26/2017,First Class,RO-19780,37,881,520.464,2,0.3,-14.8704
CA-2017-148411,9/24/2017,9/26/2017,First Class,RO-19780,37,1823,11.424,3,0.2,3.7128
CA-2017-169929,9/25/2017,9/28/2017,First Class,LS-17200,525,869,39.9,5,0,10.374
CA-2017-112004,9/25/2017,9/28/2017,First Class,AH-10075,182,1570,8.595,5,0.7,-6.303
CA-2017-112004,9/25/2017,9/28/2017,First Class,AH-10075,182,1440,190.896,2,0.2,-42.9516
CA-2017-156391,9/26/2017,9/28/2017,First Class,SL-20155,161,1071,2.224,1,0.2,0.556
US-2017-125717,9/28/2017,10/1/2017,First Class,DS-13030,43,519,32.776,1,0.2,3.2776
US-2017-125717,9/28/2017,10/1/2017,First Class,DS-13030,43,198,147.184,2,0.2,-29.4368
US-2017-125717,9/28/2017,10/1/2017,First Class,DS-13030,43,153,54.384,2,0.2,1.3596
US-2017-125717,9/28/2017,10/1/2017,First Class,DS-13030,43,1253,76.776,4,0.7,-58.8616
US-2017-125717,9/28/2017,10/1/2017,First Class,DS-13030,43,1693,14.352,3,0.2,5.2026
US-2017-125717,9/28/2017,10/1/2017,First Class,DS-13030,43,166,209.792,2,0.2,26.224
CA-2017-140186,9/29/2017,10/2/2017,First Class,PG-18820,411,665,35,7,0,16.8
CA-2017-140186,9/29/2017,10/2/2017,First Class,PG-18820,411,964,72.784,1,0.2,0
CA-2017-140186,9/29/2017,10/2/2017,First Class,PG-18820,411,417,97.84,2,0,25.4384
CA-2017-140186,9/29/2017,10/2/2017,First Class,PG-18820,411,29,51.75,1,0,15.525
CA-2017-140186,9/29/2017,10/2/2017,First Class,PG-18820,411,711,46.672,2,0.2,16.3352
US-2017-141509,9/29/2017,10/1/2017,First Class,SC-20575,2,1178,99.2,5,0,25.792
CA-2017-126676,9/29/2017,10/1/2017,First Class,FH-14365,420,1532,7.98,3,0,3.9102
CA-2017-147452,9/30/2017,10/3/2017,First Class,CS-11845,6,1027,11.76,2,0,5.7624
CA-2017-147452,9/30/2017,10/3/2017,First Class,CS-11845,6,1583,167.94,3,0,82.2906
CA-2017-147452,9/30/2017,10/3/2017,First Class,CS-11845,6,1044,3.89,1,0,1.0114
US-2017-120908,9/30/2017,10/2/2017,First Class,BF-10975,75,1885,20.664,7,0.2,6.9741
CA-2017-129378,10/1/2017,10/2/2017,First Class,NS-18505,59,757,1.44,1,0.2,0.504
CA-2017-129378,10/1/2017,10/2/2017,First Class,NS-18505,59,307,61.776,13,0.2,20.8494
CA-2017-129378,10/1/2017,10/2/2017,First Class,NS-18505,59,864,241.96,2,0,60.49
CA-2017-129378,10/1/2017,10/2/2017,First Class,NS-18505,59,1285,108.608,4,0.2,9.5032
CA-2017-113418,10/1/2017,10/3/2017,First Class,CM-12655,46,1542,1704.89,11,0,767.2005
US-2017-162558,10/2/2017,10/5/2017,First Class,Dp-13240,366,1268,11.808,2,0.2,1.3284
US-2017-162558,10/2/2017,10/5/2017,First Class,Dp-13240,366,1761,9.656,1,0.2,1.5691
US-2017-162558,10/2/2017,10/5/2017,First Class,Dp-13240,366,868,20.736,4,0.2,7.2576
US-2017-162558,10/2/2017,10/5/2017,First Class,Dp-13240,366,1009,27.36,3,0.7,-21.888
US-2017-162558,10/2/2017,10/5/2017,First Class,Dp-13240,366,600,2314.116,7,0.4,-1002.7836
US-2017-162558,10/2/2017,10/5/2017,First Class,Dp-13240,366,703,34.236,4,0.7,-26.2476
US-2017-162558,10/2/2017,10/5/2017,First Class,Dp-13240,366,901,19.76,2,0.2,5.928
CA-2017-141789,10/3/2017,10/6/2017,First Class,AC-10450,40,1187,1793.98,2,0,843.1706
CA-2017-157672,10/5/2017,10/7/2017,First Class,RB-19795,77,691,63.824,2,0.2,13.5626
CA-2017-151596,10/8/2017,10/11/2017,First Class,BP-11050,482,1371,42.76,1,0,11.1176
CA-2017-162635,10/9/2017,10/10/2017,First Class,EB-14170,125,947,10.816,4,0.2,3.5152
CA-2017-132430,10/9/2017,10/11/2017,First Class,CP-12085,347,619,45.888,4,0.2,9.1776
US-2017-115595,10/9/2017,10/11/2017,First Class,XP-21865,4,734,35.2,5,0,16.544
CA-2017-126536,10/12/2017,10/14/2017,First Class,NK-18490,95,1445,0.99,1,0,0.4356
CA-2017-126536,10/12/2017,10/14/2017,First Class,NK-18490,95,996,101.84,5,0.2,36.917
CA-2017-169362,10/12/2017,10/15/2017,First Class,SP-20860,163,612,39.984,2,0.2,-1.4994
CA-2017-169607,10/12/2017,10/15/2017,First Class,CA-12265,24,1242,9.96,2,0,4.6812
CA-2017-116519,10/13/2017,10/15/2017,First Class,CR-12730,30,1118,904.9,5,0,253.372
CA-2017-163160,10/13/2017,10/16/2017,First Class,TS-21610,483,820,63.312,3,0.2,20.5764
CA-2017-163160,10/13/2017,10/16/2017,First Class,TS-21610,483,263,96.784,4,0.8,-145.176
CA-2017-163160,10/13/2017,10/16/2017,First Class,TS-21610,483,704,10.476,3,0.6,-6.8094
US-2017-148831,10/13/2017,10/15/2017,First Class,AH-10210,176,124,348.56,8,0,104.568
CA-2017-103212,10/13/2017,10/14/2017,First Class,MH-18025,300,1249,11.07,3,0,5.2029
CA-2017-103212,10/13/2017,10/14/2017,First Class,MH-18025,300,217,1504.52,4,0,346.0396
CA-2017-103212,10/13/2017,10/14/2017,First Class,MH-18025,300,1125,25.92,4,0,12.4416
CA-2017-168837,10/14/2017,10/17/2017,First Class,JW-15955,233,285,9.46,2,0,3.6894
CA-2017-113670,10/15/2017,10/17/2017,First Class,RS-19765,63,216,510.24,3,0.2,6.378
CA-2017-113670,10/15/2017,10/17/2017,First Class,RS-19765,63,1138,204.95,5,0,100.4255
CA-2017-132234,10/16/2017,10/18/2017,First Class,MY-17380,165,455,547.3,13,0,175.136
CA-2017-167094,10/21/2017,10/22/2017,First Class,DK-12835,331,650,5.184,1,0.2,1.8144
CA-2017-167094,10/21/2017,10/22/2017,First Class,DK-12835,331,1191,478.48,2,0.2,47.848
CA-2017-167094,10/21/2017,10/22/2017,First Class,DK-12835,331,945,28.4,2,0.2,6.745
CA-2017-154410,10/21/2017,10/24/2017,First Class,MD-17860,305,421,909.12,8,0,9.0912
CA-2017-127180,10/22/2017,10/24/2017,First Class,TA-21385,24,1406,11199.968,4,0.2,3919.9888
CA-2017-127180,10/22/2017,10/24/2017,First Class,TA-21385,24,722,2399.6,8,0,647.892
CA-2017-127180,10/22/2017,10/24/2017,First Class,TA-21385,24,119,63.9,5,0,28.755
CA-2017-127180,10/22/2017,10/24/2017,First Class,TA-21385,24,514,52.99,1,0,0.5299
CA-2017-125451,10/23/2017,10/24/2017,First Class,AH-10075,482,987,240.744,4,0.3,-13.7568
CA-2017-125451,10/23/2017,10/24/2017,First Class,AH-10075,482,1477,35,4,0,14.7
CA-2017-125451,10/23/2017,10/24/2017,First Class,AH-10075,482,1838,210.68,2,0,50.5632
CA-2017-125451,10/23/2017,10/24/2017,First Class,AH-10075,482,337,637.896,3,0.3,-127.5792
CA-2017-125451,10/23/2017,10/24/2017,First Class,AH-10075,482,364,43.44,8,0,21.2856
CA-2017-125451,10/23/2017,10/24/2017,First Class,AH-10075,482,1119,2.22,1,0,0.666
CA-2017-141705,10/24/2017,10/26/2017,First Class,PO-18850,610,1127,517.405,5,0.3,-81.3065
CA-2017-130764,10/27/2017,10/28/2017,First Class,JO-15145,95,1230,556.665,5,0.15,6.549
CA-2017-130764,10/27/2017,10/28/2017,First Class,JO-15145,95,1648,95.84,4,0.2,34.742
CA-2017-151225,10/27/2017,10/29/2017,First Class,JM-15655,4,11,189.576,1,0.2,9.4788
CA-2017-151225,10/27/2017,10/29/2017,First Class,JM-15655,4,1795,71.96,5,0.2,7.196
CA-2017-142622,10/30/2017,11/2/2017,First Class,JK-15625,61,1236,97.568,2,0.2,-6.098
CA-2017-142622,10/30/2017,11/2/2017,First Class,JK-15625,61,1002,614.272,8,0.2,-23.0352
CA-2017-142622,10/30/2017,11/2/2017,First Class,JK-15625,61,907,199.98,2,0,37.9962
CA-2017-155292,10/30/2017,11/1/2017,First Class,RD-19810,127,469,105.98,7,0,4.2392
CA-2017-155292,10/30/2017,11/1/2017,First Class,RD-19810,127,356,35.06,2,0,10.518
CA-2017-155292,10/30/2017,11/1/2017,First Class,RD-19810,127,1285,33.94,1,0,9.1638
CA-2017-155292,10/30/2017,11/1/2017,First Class,RD-19810,127,1573,30,8,0,14.4
US-2017-145597,11/2/2017,11/5/2017,First Class,GG-14650,51,209,54.336,4,0.2,5.4336
CA-2017-167227,11/2/2017,11/5/2017,First Class,NP-18670,359,1640,83.9,10,0,20.975
CA-2017-167227,11/2/2017,11/5/2017,First Class,NP-18670,359,1027,11.76,2,0,5.7624
US-2017-105998,11/3/2017,11/5/2017,First Class,CR-12580,89,242,199.75,5,0,87.89
US-2017-105998,11/3/2017,11/5/2017,First Class,CR-12580,89,622,1673.184,12,0.2,20.9148
CA-2017-147760,11/4/2017,11/5/2017,First Class,KL-16555,308,311,523.764,3,0.4,-192.0468
CA-2017-147760,11/4/2017,11/5/2017,First Class,KL-16555,308,1205,1359.96,5,0.2,118.9965
US-2017-111745,11/5/2017,11/6/2017,First Class,RA-19885,215,333,159.99,1,0,54.3966
CA-2017-154732,11/5/2017,11/7/2017,First Class,AH-10195,37,28,16.03,5,0.8,-25.648
CA-2017-118213,11/5/2017,11/7/2017,First Class,AB-10060,468,251,4.41,1,0,2.0286
CA-2017-118213,11/5/2017,11/7/2017,First Class,AB-10060,468,1682,167.94,3,0,82.2906
CA-2017-118213,11/5/2017,11/7/2017,First Class,AB-10060,468,997,67.8,10,0,31.188
CA-2017-158246,11/9/2017,11/11/2017,First Class,JB-15400,355,52,215.976,3,0.2,-2.6997
US-2017-155425,11/10/2017,11/11/2017,First Class,AB-10600,116,630,38.388,14,0.7,-25.592
US-2017-155425,11/10/2017,11/11/2017,First Class,AB-10600,116,967,95.994,2,0.7,-63.996
US-2017-155425,11/10/2017,11/11/2017,First Class,AB-10600,116,968,239.952,6,0.2,-35.9928
US-2017-155425,11/10/2017,11/11/2017,First Class,AB-10600,116,204,201.584,2,0.2,15.1188
US-2017-155425,11/10/2017,11/11/2017,First Class,AB-10600,116,301,899.136,4,0.2,-146.1096
CA-2017-150959,11/11/2017,11/13/2017,First Class,TD-20995,211,715,10.44,5,0.2,3.393
CA-2017-150959,11/11/2017,11/13/2017,First Class,TD-20995,211,716,18.336,4,0.8,-32.088
CA-2017-115448,11/11/2017,11/14/2017,First Class,MH-18025,366,648,88.92,5,0.2,14.4495
US-2017-116491,11/11/2017,11/13/2017,First Class,PG-18820,177,728,35.184,2,0.2,12.3144
US-2017-136707,11/12/2017,11/15/2017,First Class,JE-15610,2,238,14.016,4,0.2,4.9056
US-2017-119662,11/13/2017,11/16/2017,First Class,CS-12400,37,83,230.376,3,0.2,-48.9549
US-2017-165344,11/13/2017,11/15/2017,First Class,SB-20290,158,456,60.864,4,0.2,9.1296
US-2017-165344,11/13/2017,11/15/2017,First Class,SB-20290,158,1407,652.995,7,0.7,-935.9595
US-2017-165344,11/13/2017,11/15/2017,First Class,SB-20290,158,1408,11.22,10,0.7,-7.48
CA-2017-159156,11/13/2017,11/16/2017,First Class,KB-16600,30,1463,629.95,5,0,163.787
US-2017-118157,11/14/2017,11/17/2017,First Class,AW-10930,40,667,15.28,2,0,7.4872
US-2017-107888,11/16/2017,11/19/2017,First Class,CC-12220,6,1663,73.68,6,0,34.6296
US-2017-107888,11/16/2017,11/19/2017,First Class,CC-12220,6,589,139.92,2,0,23.7864
US-2017-107888,11/16/2017,11/19/2017,First Class,CC-12220,6,1539,107.88,3,0.2,10.788
US-2017-107888,11/16/2017,11/19/2017,First Class,CC-12220,6,1305,33.29,1,0,7.9896
CA-2017-138163,11/17/2017,11/20/2017,First Class,XP-21865,290,209,50.94,3,0,14.2632
US-2017-132444,11/18/2017,11/21/2017,First Class,CD-12280,60,87,169.68,6,0,45.8136
US-2017-132444,11/18/2017,11/21/2017,First Class,CD-12280,60,466,132.52,4,0,54.3332
US-2017-132444,11/18/2017,11/21/2017,First Class,CD-12280,60,1095,2.96,2,0,1.4208
US-2017-132444,11/18/2017,11/21/2017,First Class,CD-12280,60,1096,8.448,2,0.2,2.9568
US-2017-132444,11/18/2017,11/21/2017,First Class,CD-12280,60,919,95.94,3,0,9.594
CA-2017-162929,11/19/2017,11/22/2017,First Class,AS-10135,46,485,41.28,6,0.2,13.932
CA-2017-162929,11/19/2017,11/22/2017,First Class,AS-10135,46,486,13.36,2,0,6.4128
CA-2017-121468,11/19/2017,11/20/2017,First Class,KD-16345,280,436,31.968,4,0.2,2.3976
CA-2017-112529,11/19/2017,11/21/2017,First Class,SC-20770,66,985,718.116,6,0.3,-71.8116
CA-2017-112529,11/19/2017,11/21/2017,First Class,SC-20770,66,1078,31.776,4,0.2,8.7384
CA-2017-131254,11/19/2017,11/21/2017,First Class,NC-18415,15,1220,191.058,3,0.3,-46.3998
CA-2017-131254,11/19/2017,11/21/2017,First Class,NC-18415,15,1760,13.04,5,0.2,3.912
CA-2017-131254,11/19/2017,11/21/2017,First Class,NC-18415,15,454,1525.188,6,0.8,-2287.782
CA-2017-121818,11/20/2017,11/21/2017,First Class,JH-15430,180,793,23.968,7,0.2,2.6964
CA-2017-121818,11/20/2017,11/21/2017,First Class,JH-15430,180,794,28.728,3,0.2,1.7955
CA-2017-111556,11/20/2017,11/22/2017,First Class,CD-11920,46,658,46.76,7,0,22.4448
CA-2017-111556,11/20/2017,11/22/2017,First Class,CD-11920,46,1132,183.968,2,0.2,-25.2956
CA-2017-111556,11/20/2017,11/22/2017,First Class,CD-11920,46,1481,1259.97,3,0,327.5922
CA-2017-111556,11/20/2017,11/22/2017,First Class,CD-11920,46,1254,68.97,3,0,19.3116
CA-2017-100811,11/21/2017,11/24/2017,First Class,CC-12475,106,528,8.448,2,0.2,2.64
CA-2017-100811,11/21/2017,11/24/2017,First Class,CC-12475,106,582,39.296,4,0.2,3.9296
CA-2017-103156,11/23/2017,11/24/2017,First Class,TD-20995,75,1556,24.048,9,0.2,7.2144
CA-2017-167017,11/23/2017,11/25/2017,First Class,DC-12850,528,487,4.36,2,0,0.1744
CA-2017-156622,11/23/2017,11/26/2017,First Class,JP-15460,78,1298,36.288,7,0.2,12.7008
CA-2017-156622,11/23/2017,11/26/2017,First Class,JP-15460,78,1458,78.304,2,0.2,29.364
CA-2017-156622,11/23/2017,11/26/2017,First Class,JP-15460,78,971,127.785,1,0.3,-31.0335
CA-2017-156622,11/23/2017,11/26/2017,First Class,JP-15460,78,792,6.104,2,0.8,-9.156
CA-2017-123701,11/24/2017,11/27/2017,First Class,PG-18820,95,932,27.76,4,0,9.9936
CA-2017-135307,11/26/2017,11/27/2017,First Class,LS-17245,150,455,126.3,3,0,40.416
CA-2017-135307,11/26/2017,11/27/2017,First Class,LS-17245,150,456,38.04,2,0,12.1728
CA-2017-130526,11/26/2017,11/29/2017,First Class,GT-14755,229,303,33.568,8,0.8,-53.7088
CA-2017-102519,11/27/2017,11/29/2017,First Class,BM-11650,202,269,46.94,1,0,19.2454
CA-2017-102519,11/27/2017,11/29/2017,First Class,BM-11650,202,407,143.73,9,0,56.0547
CA-2017-121538,11/28/2017,12/1/2017,First Class,RH-19495,77,420,88.768,2,0.2,31.0688
CA-2017-107314,11/30/2017,12/3/2017,First Class,MZ-17335,10,1814,25.83,3,0,9.5571
US-2017-165456,11/30/2017,12/3/2017,First Class,TB-21625,64,1200,1079.316,6,0.3,-15.4188
CA-2017-127313,12/1/2017,12/4/2017,First Class,RA-19285,75,453,37.392,3,0.2,2.337
CA-2017-127313,12/1/2017,12/4/2017,First Class,RA-19285,75,1641,79.12,5,0.2,13.846
CA-2017-145660,12/1/2017,12/3/2017,First Class,MG-17650,369,770,7.712,2,0.2,1.7352
CA-2017-116715,12/2/2017,12/5/2017,First Class,VW-21775,35,828,559.62,9,0,151.0974
CA-2017-116715,12/2/2017,12/5/2017,First Class,VW-21775,35,1093,109.92,2,0,53.8608
CA-2017-116715,12/2/2017,12/5/2017,First Class,VW-21775,35,1128,8.56,2,0,3.852
US-2017-108063,12/2/2017,12/5/2017,First Class,AS-10090,327,1186,34.65,3,0,10.395
CA-2017-143756,12/2/2017,12/5/2017,First Class,ME-17725,271,1142,701.96,2,0,168.4704
CA-2017-167395,12/2/2017,12/4/2017,First Class,KM-16720,112,1377,286.86,7,0,80.3208
CA-2017-167395,12/2/2017,12/4/2017,First Class,KM-16720,112,35,979.95,5,0,284.1855
CA-2017-167395,12/2/2017,12/4/2017,First Class,KM-16720,112,487,4.36,2,0,0.1744
CA-2017-123071,12/3/2017,12/6/2017,First Class,CC-12550,303,1162,10.368,2,0.2,3.6288
CA-2017-153227,12/4/2017,12/6/2017,First Class,CS-12250,4,1027,11.76,2,0,5.7624
CA-2017-147550,12/4/2017,12/5/2017,First Class,KE-16420,64,285,11.352,3,0.2,2.6961
CA-2017-130351,12/5/2017,12/8/2017,First Class,RB-19570,135,570,61.44,3,0,16.5888
CA-2017-130351,12/5/2017,12/8/2017,First Class,RB-19570,135,571,38.9,5,0,17.505
CA-2017-130351,12/5/2017,12/8/2017,First Class,RB-19570,135,466,99.39,3,0,40.7499
US-2017-126053,12/5/2017,12/8/2017,First Class,CS-11950,24,108,41.96,2,0,10.9096
US-2017-126053,12/5/2017,12/8/2017,First Class,CS-11950,24,367,9.45,3,0,4.536
CA-2017-156958,12/5/2017,12/6/2017,First Class,PB-18805,61,303,83.92,5,0.2,29.372
CA-2017-156958,12/5/2017,12/6/2017,First Class,PB-18805,61,900,199.9,5,0,39.98
CA-2017-156958,12/5/2017,12/6/2017,First Class,PB-18805,61,787,31.176,3,0.2,-7.0146
CA-2017-156958,12/5/2017,12/6/2017,First Class,PB-18805,61,382,172.752,6,0.2,60.4632
CA-2017-156958,12/5/2017,12/6/2017,First Class,PB-18805,61,705,9.296,2,0.2,3.0212
CA-2017-137099,12/7/2017,12/10/2017,First Class,FP-14320,142,500,374.376,3,0.2,46.797
CA-2017-157980,12/7/2017,12/9/2017,First Class,SH-20395,214,431,127.984,2,0.2,25.5968
CA-2017-148264,12/8/2017,12/9/2017,First Class,LF-17185,96,339,29.79,3,0,8.6391
CA-2017-148264,12/8/2017,12/9/2017,First Class,LF-17185,96,1560,128.9,2,0,15.468
CA-2017-148264,12/8/2017,12/9/2017,First Class,LF-17185,96,658,60.12,9,0,28.8576
US-2017-131961,12/8/2017,12/11/2017,First Class,MJ-17740,12,156,13.248,4,0.2,3.6432
US-2017-131961,12/8/2017,12/11/2017,First Class,MJ-17740,12,434,83.988,2,0.4,-20.997
US-2017-118038,12/9/2017,12/11/2017,First Class,KB-16600,17,74,1.248,3,0.8,-1.9344
US-2017-118038,12/9/2017,12/11/2017,First Class,KB-16600,17,75,9.708,3,0.6,-5.8248
US-2017-118038,12/9/2017,12/11/2017,First Class,KB-16600,17,76,27.24,3,0.2,2.724
CA-2017-143798,12/10/2017,12/12/2017,First Class,AW-10840,12,745,10.368,2,0.2,3.6288
CA-2017-143798,12/10/2017,12/12/2017,First Class,AW-10840,12,628,310.88,2,0.2,23.316
CA-2017-158967,12/10/2017,12/12/2017,First Class,BT-11680,3,746,19.104,3,0.2,5.7312
US-2017-110149,12/10/2017,12/13/2017,First Class,WB-21850,106,640,3.273,1,0.7,-2.5093
US-2017-110149,12/10/2017,12/13/2017,First Class,WB-21850,106,509,87.92,5,0.2,15.386
CA-2017-149706,12/11/2017,12/12/2017,First Class,AS-10285,567,1207,116.312,7,0.2,23.2624
CA-2017-165099,12/11/2017,12/13/2017,First Class,DK-13375,584,1842,1.392,2,0.8,-3.7584
US-2017-125213,12/11/2017,12/13/2017,First Class,NB-18655,336,852,6.54,3,0,2.1582
CA-2017-106964,12/17/2017,12/20/2017,First Class,HR-14770,63,784,11.808,2,0.2,4.2804
CA-2017-102099,12/18/2017,12/19/2017,First Class,EP-13915,142,457,6.63,3,0,1.7901
CA-2017-102099,12/18/2017,12/19/2017,First Class,EP-13915,142,868,12.96,2,0,6.2208
CA-2017-102099,12/18/2017,12/19/2017,First Class,EP-13915,142,736,32.4,5,0,15.552
CA-2017-108287,12/18/2017,12/20/2017,First Class,AG-10330,44,1049,12.672,9,0.2,1.4256
CA-2017-158729,12/19/2017,12/21/2017,First Class,AC-10450,300,470,1665.62,2,0,33.3124
CA-2017-109589,12/21/2017,12/24/2017,First Class,BD-11635,318,945,71,4,0,27.69
CA-2017-120376,12/22/2017,12/25/2017,First Class,TP-21130,84,1238,199.95,5,0,63.984
CA-2017-120376,12/22/2017,12/25/2017,First Class,TP-21130,84,635,1586.69,7,0,412.5394
CA-2017-120376,12/22/2017,12/25/2017,First Class,TP-21130,84,107,84.99,1,0,30.5964
CA-2017-120376,12/22/2017,12/25/2017,First Class,TP-21130,84,122,411.8,2,0,70.006
CA-2017-119193,12/22/2017,12/24/2017,First Class,SK-19990,214,525,1.641,1,0.7,-1.3128
CA-2017-119193,12/22/2017,12/24/2017,First Class,SK-19990,214,1350,629.958,7,0.4,94.4937
CA-2017-149699,12/22/2017,12/24/2017,First Class,CM-12115,142,1545,474.95,5,0,142.485
CA-2017-145219,12/24/2017,12/25/2017,First Class,RM-19675,14,308,2879.952,6,0.2,1007.9832
CA-2017-145219,12/24/2017,12/25/2017,First Class,RM-19675,14,446,90.48,3,0.2,33.93
CA-2017-121195,12/24/2017,12/27/2017,First Class,NS-18505,78,551,264.32,2,0.2,19.824
CA-2017-105620,12/25/2017,12/28/2017,First Class,JH-15430,187,1477,21,3,0.2,5.775
CA-2017-105620,12/25/2017,12/28/2017,First Class,JH-15430,187,1878,120,2,0.5,-7.2
CA-2017-101322,12/28/2017,12/31/2017,First Class,JG-15310,107,57,340.704,6,0.2,-34.0704
US-2017-102638,12/29/2017,12/31/2017,First Class,MC-17845,46,133,6.03,3,0,2.9547